,jd,mag,mag_unc,filter,limmag,programid,forced
0,2458198.874213,99.0,99.0,r,20.4412,1,1
1,2458198.8828009,99.0,99.0,r,20.3267,1,1
2,2458198.9077199,99.0,99.0,r,20.8709,1,1
3,2458199.8171644,99.0,99.0,r,19.7213,1,1
4,2458202.7885301,99.0,99.0,g,20.2468,1,1
5,2458202.795,99.0,99.0,g,20.2905,1,1
6,2458202.7959606,99.0,99.0,g,20.2901,1,1
7,2458202.8174653,99.0,99.0,g,20.3961,1,1
8,2458202.8411458,99.0,99.0,g,20.628,1,1
9,2458202.8420602,99.0,99.0,g,20.6039,1,1
10,2458202.8632639,99.0,99.0,g,20.6157,1,1
11,2458203.8481944,99.0,99.0,g,20.2056,1,1
12,2458203.8661574,99.0,99.0,g,20.3594,1,1
13,2458204.7768981,99.0,99.0,g,19.6425,1,1
14,2458204.8040856,99.0,99.0,g,19.7523,1,1
15,2458204.8285764,99.0,99.0,g,19.646,1,1
16,2458204.8366551,99.0,99.0,g,19.6216,1,1
17,2458204.8561921,99.0,99.0,g,19.9135,1,1
18,2458204.8945139,99.0,99.0,g,19.9226,1,1
19,2458205.7835301,99.0,99.0,g,19.6361,1,1
20,2458205.7956944,99.0,99.0,g,19.7265,1,1
21,2458205.8233796,99.0,99.0,g,19.7137,1,1
22,2458205.8360648,99.0,99.0,g,19.6591,1,1
23,2458205.8527778,99.0,99.0,g,19.0619,1,1
24,2458205.8570023,99.0,99.0,g,19.1765,1,1
25,2458205.8579167,99.0,99.0,g,19.0709,1,1
26,2458205.8944097,99.0,99.0,g,19.32,1,1
27,2458206.7757523,99.0,99.0,g,19.6472,1,1
28,2458206.7955093,99.0,99.0,g,19.7858,1,1
29,2458206.8055093,99.0,99.0,g,19.8744,1,1
30,2458206.8156713,99.0,99.0,g,19.8176,1,1
31,2458206.8303009,99.0,99.0,g,20.0612,1,1
32,2458206.8357176,99.0,99.0,g,19.8613,1,1
33,2458206.8716319,99.0,99.0,g,19.865,1,1
34,2458206.876331,99.0,99.0,g,19.8636,1,1
35,2458208.7757986,99.0,99.0,g,16.6313,1,1
36,2458208.800544,99.0,99.0,g,18.6399,1,1
37,2458208.8014815,99.0,99.0,g,18.5673,1,1
38,2458208.8285185,99.0,99.0,g,18.157,1,1
39,2458208.8534028,99.0,99.0,g,17.968,1,1
40,2458208.8730208,99.0,99.0,g,18.8389,1,1
41,2458208.8739352,99.0,99.0,g,18.8563,1,1
42,2458208.8905671,99.0,99.0,g,18.5992,1,1
43,2458210.7677894,99.0,99.0,g,19.5951,1,1
44,2458210.7877894,99.0,99.0,g,18.9944,1,1
45,2458210.8115278,99.0,99.0,g,19.5154,1,1
46,2458210.8162963,99.0,99.0,g,19.4322,1,1
47,2458210.8359375,99.0,99.0,g,18.987,1,1
48,2458210.8794676,99.0,99.0,g,19.2046,1,1
49,2458211.8285995,99.0,99.0,g,19.4579,1,1
50,2458214.7334838,99.0,99.0,r,18.6264,1,1
51,2458214.7471296,99.0,99.0,r,18.5723,1,1
52,2458214.7480671,99.0,99.0,r,18.3501,1,1
53,2458214.7592824,99.0,99.0,g,18.8317,1,1
54,2458214.7602199,99.0,99.0,g,18.3872,1,1
55,2458214.7620949,99.0,99.0,g,19.175,1,1
56,2458214.7879051,99.0,99.0,g,18.9406,1,1
57,2458214.7930787,99.0,99.0,g,17.4609,1,1
58,2458214.8152894,99.0,99.0,r,19.2606,1,1
59,2458214.8567477,99.0,99.0,i,18.6607,1,1
60,2458215.7377315,99.0,99.0,r,17.7431,1,1
61,2458215.765787,99.0,99.0,g,19.0168,1,1
62,2458215.7765972,99.0,99.0,r,18.6396,1,1
63,2458216.725625,99.0,99.0,r,20.1104,1,1
64,2458216.74625,99.0,99.0,r,20.5404,1,1
65,2458216.7472222,99.0,99.0,r,20.542,1,1
66,2458216.7699884,99.0,99.0,g,20.4075,1,1
67,2458217.7352778,99.0,99.0,r,20.397,1,1
68,2458217.7646412,99.0,99.0,r,20.5691,1,1
69,2458217.7755556,99.0,99.0,r,20.4823,1,1
70,2458217.788206,99.0,99.0,r,20.3155,1,1
71,2458217.7891667,99.0,99.0,r,20.5492,1,1
72,2458217.7947685,99.0,99.0,r,18.9686,1,1
73,2458217.7956829,99.0,99.0,r,18.7603,1,1
74,2458217.7965972,99.0,99.0,r,19.6809,1,1
75,2458217.8143866,99.0,99.0,r,20.6001,1,1
76,2458217.8359722,99.0,99.0,r,19.6119,1,1
77,2458218.7459606,99.0,99.0,r,20.4928,1,1
78,2458218.7521065,99.0,99.0,r,20.5648,1,1
79,2458218.784294,99.0,99.0,r,20.5069,1,1
80,2458218.7852315,99.0,99.0,r,20.4868,1,1
81,2458218.8097569,99.0,99.0,r,20.6593,1,1
82,2458218.8106713,99.0,99.0,r,20.6369,1,1
83,2458218.8534954,99.0,99.0,r,20.581,1,1
84,2458218.8568519,99.0,99.0,r,20.5823,1,1
85,2458218.8804282,99.0,99.0,r,20.711,1,1
86,2458219.7373032,99.0,99.0,r,20.101,1,1
87,2458219.7382755,99.0,99.0,r,19.8879,1,1
88,2458219.7683912,99.0,99.0,r,20.4306,1,1
89,2458219.7745139,99.0,99.0,r,20.5502,1,1
90,2458219.7958218,99.0,99.0,r,19.2392,1,1
91,2458219.7967361,99.0,99.0,r,19.3559,1,1
92,2458219.8353009,99.0,99.0,r,20.5929,1,1
93,2458219.8579745,99.0,99.0,r,20.5058,1,1
94,2458221.7482407,99.0,99.0,r,19.9979,1,1
95,2458221.7644329,99.0,99.0,r,19.9116,1,1
96,2458221.7653704,99.0,99.0,r,19.9144,1,1
97,2458221.7663542,99.0,99.0,r,19.9539,1,1
98,2458221.7760417,99.0,99.0,r,20.0764,1,1
99,2458222.7671181,99.0,99.0,r,20.1711,1,1
100,2458222.7893287,99.0,99.0,r,20.1697,1,1
101,2458222.7902431,99.0,99.0,r,20.0226,1,1
102,2458222.7944907,99.0,99.0,r,20.1489,1,1
103,2458222.8301505,99.0,99.0,r,20.3195,1,1
104,2458222.8562963,99.0,99.0,r,20.412,1,1
105,2458223.8187963,99.0,99.0,g,20.9205,1,1
106,2458224.7166551,99.0,99.0,r,18.9473,1,1
107,2458224.7403125,99.0,99.0,r,20.0902,1,1
108,2458224.7566898,99.0,99.0,r,20.009,1,1
109,2458224.7581366,99.0,99.0,r,19.9902,1,1
110,2458224.7695023,99.0,99.0,r,20.3226,1,1
111,2458224.7736921,99.0,99.0,r,20.354,1,1
112,2458224.795081,99.0,99.0,r,20.0962,1,1
113,2458224.827963,99.0,99.0,r,18.9562,1,1
114,2458224.8288889,99.0,99.0,r,19.0576,1,1
115,2458224.8316319,99.0,99.0,r,19.0501,1,1
116,2458224.8388426,99.0,99.0,r,18.3384,1,1
117,2458226.7701157,99.0,99.0,r,20.4679,1,1
118,2458226.7855556,99.0,99.0,r,20.6047,1,1
119,2458226.7864699,99.0,99.0,r,20.5936,1,1
120,2458226.805162,99.0,99.0,r,20.7353,1,1
121,2458226.8319907,99.0,99.0,r,20.6299,1,1
122,2458227.7657986,99.0,99.0,r,19.9683,1,1
123,2458227.7783102,99.0,99.0,r,20.3422,1,1
124,2458227.7792245,99.0,99.0,r,20.3311,1,1
125,2458227.7801505,99.0,99.0,r,20.3785,1,1
126,2458227.8039005,99.0,99.0,g,20.5585,1,1
127,2458227.8057292,99.0,99.0,g,20.6258,1,1
128,2458227.8160995,99.0,99.0,g,20.528,1,1
129,2458227.8532755,99.0,99.0,g,20.6178,1,1
130,2458229.7796991,99.0,99.0,g,20.5318,1,1
131,2458229.7811111,99.0,99.0,g,20.5321,1,1
132,2458229.8111574,99.0,99.0,g,20.7253,1,1
133,2458230.7480903,99.0,99.0,r,20.4491,1,1
134,2458230.7583333,99.0,99.0,r,20.4133,1,1
135,2458230.7592477,99.0,99.0,r,20.4374,1,1
136,2458230.760162,99.0,99.0,r,20.4451,1,1
137,2458230.7806944,99.0,99.0,r,17.7162,1,1
138,2458230.8269907,99.0,99.0,g,20.2899,1,1
139,2458230.8416782,99.0,99.0,g,20.5785,1,1
140,2458230.8426968,99.0,99.0,g,20.6612,1,1
141,2458230.8436111,99.0,99.0,g,20.6071,1,1
142,2458230.8725579,99.0,99.0,g,20.6103,1,1
143,2458231.781875,99.0,99.0,r,20.2676,1,1
144,2458231.8195949,99.0,99.0,r,20.2453,1,1
145,2458231.8739815,99.0,99.0,r,20.2449,1,1
146,2458232.6663657,99.0,99.0,g,19.1154,1,1
147,2458232.6778125,99.0,99.0,g,19.233,1,1
148,2458232.67875,99.0,99.0,g,19.1705,1,1
149,2458232.7070949,99.0,99.0,r,16.5694,1,1
150,2458232.7137963,99.0,99.0,r,17.1133,1,1
151,2458232.7357176,99.0,99.0,r,18.4836,1,1
152,2458232.7366551,99.0,99.0,r,18.1199,1,1
153,2458232.7581134,99.0,99.0,g,19.4994,1,1
154,2458232.8227778,99.0,99.0,i,19.932,1,1
155,2458233.6809722,99.0,99.0,r,19.9795,1,1
156,2458233.7013079,99.0,99.0,r,20.1117,1,1
157,2458233.7027315,99.0,99.0,r,20.1677,1,1
158,2458233.7037269,99.0,99.0,r,20.1807,1,1
159,2458233.7422685,99.0,99.0,g,20.1108,1,1
160,2458234.6977315,99.0,99.0,g,19.5824,1,1
161,2458234.7532292,99.0,99.0,g,19.1248,1,1
162,2458235.8194907,99.0,99.0,g,19.7766,1,1
163,2458236.6755324,99.0,99.0,g,19.322,1,1
164,2458236.6930903,99.0,99.0,g,19.3864,1,1
165,2458236.7177199,99.0,99.0,g,19.3211,1,1
166,2458236.7413426,99.0,99.0,g,19.4295,1,1
167,2458236.822581,99.0,99.0,g,19.319,1,1
168,2458236.8234954,99.0,99.0,g,19.3536,1,1
169,2458236.8429051,99.0,99.0,g,19.3252,1,1
170,2458237.6734144,99.0,99.0,g,19.2502,1,1
171,2458237.6752662,99.0,99.0,g,19.2424,1,1
172,2458237.7272685,99.0,99.0,g,19.281,1,1
173,2458237.7411806,99.0,99.0,g,19.2919,1,1
174,2458238.6511806,99.0,99.0,g,18.9342,1,1
175,2458238.6777431,99.0,99.0,g,19.1884,1,1
176,2458238.6801736,99.0,99.0,g,19.0749,1,1
177,2458242.7183333,99.0,99.0,g,20.5966,1,1
178,2458242.7470486,99.0,99.0,g,20.7286,1,1
179,2458242.7479861,99.0,99.0,g,20.703,1,1
180,2458242.748912,99.0,99.0,g,20.6865,1,1
181,2458242.7653125,99.0,99.0,r,20.5397,1,1
182,2458242.7833796,99.0,99.0,r,20.5027,1,1
183,2458242.784294,99.0,99.0,r,20.5087,1,1
184,2458242.7852083,99.0,99.0,r,20.4769,1,1
185,2458242.7940278,99.0,99.0,r,20.4689,1,1
186,2458243.6770718,99.0,99.0,r,20.3634,1,1
187,2458243.7188889,99.0,99.0,g,20.6329,1,1
188,2458243.7198032,99.0,99.0,g,20.6646,1,1
189,2458243.7627894,99.0,99.0,g,20.8346,1,1
190,2458243.7753356,99.0,99.0,r,20.6131,1,1
191,2458243.8069329,99.0,99.0,r,20.4455,1,1
192,2458244.6761458,99.0,99.0,r,20.4062,1,1
193,2458244.6770833,99.0,99.0,r,20.3585,1,1
194,2458244.7015046,99.0,99.0,g,20.6007,1,1
195,2458244.7210532,99.0,99.0,g,20.8166,1,1
196,2458244.7219676,99.0,99.0,g,20.8136,1,1
197,2458244.7464352,99.0,99.0,g,20.4349,1,1
198,2458244.797037,99.0,99.0,r,19.2784,1,1
199,2458244.8164583,99.0,99.0,r,20.5008,1,1
200,2458244.8827662,99.0,99.0,i,19.7693,1,1
201,2458245.67625,99.0,99.0,r,20.3035,1,1
202,2458245.7017593,99.0,99.0,r,18.6091,1,1
203,2458245.7027083,99.0,99.0,r,17.1255,1,1
204,2458245.7036458,99.0,99.0,r,17.4486,1,1
205,2458245.757581,99.0,99.0,g,17.321,1,1
206,2458245.7589931,99.0,99.0,g,16.5135,1,1
207,2458245.7894907,99.0,99.0,g,19.6975,1,1
208,2458246.7249769,99.0,99.0,r,20.5093,1,1
209,2458246.7258912,99.0,99.0,r,20.4845,1,1
210,2458246.7390741,99.0,99.0,r,20.4088,1,1
211,2458246.7989931,99.0,99.0,g,20.7465,1,1
212,2458246.8009028,99.0,99.0,g,20.8301,1,1
213,2458247.704375,99.0,99.0,g,20.9457,1,1
214,2458247.7290162,99.0,99.0,r,20.674,1,1
215,2458247.7553125,99.0,99.0,r,20.6603,1,1
216,2458247.800625,99.0,99.0,g,20.9533,1,1
217,2458247.8020718,99.0,99.0,g,20.9396,1,1
218,2458247.8326852,99.0,99.0,g,20.9641,1,1
219,2458248.6824306,99.0,99.0,g,20.8246,1,1
220,2458248.6906019,99.0,99.0,g,20.8871,1,1
221,2458248.7219792,99.0,99.0,g,20.7803,1,1
222,2458248.7228819,99.0,99.0,g,20.8023,1,1
223,2458248.7237963,99.0,99.0,g,20.7074,1,1
224,2458248.7492708,99.0,99.0,r,20.5702,1,1
225,2458248.7603241,99.0,99.0,r,20.5936,1,1
226,2458248.7612269,99.0,99.0,r,20.5735,1,1
227,2458248.7621412,99.0,99.0,r,20.5676,1,1
228,2458248.7751505,99.0,99.0,r,20.5329,1,1
229,2458249.6783681,99.0,99.0,g,18.5901,1,1
230,2458249.7216435,99.0,99.0,g,20.5547,1,1
231,2458249.7225463,99.0,99.0,g,20.1706,1,1
232,2458249.743287,99.0,99.0,r,20.079,1,1
233,2458249.7587963,99.0,99.0,r,20.1836,1,1
234,2458249.7597106,99.0,99.0,r,20.1658,1,1
235,2458249.791331,99.0,99.0,r,20.1999,1,1
236,2458249.8031713,99.0,99.0,i,19.5953,1,1
237,2458250.7058796,99.0,99.0,g,20.121,1,1
238,2458250.7403704,99.0,99.0,r,20.2599,1,1
239,2458254.6826736,99.0,99.0,r,20.7417,1,1
240,2458254.7020486,99.0,99.0,r,20.6587,1,1
241,2458254.7029861,99.0,99.0,r,20.6725,1,1
242,2458254.7048495,99.0,99.0,r,20.6281,1,1
243,2458255.6796528,99.0,99.0,g,20.7335,1,1
244,2458255.707037,99.0,99.0,g,20.7571,1,1
245,2458255.7079514,99.0,99.0,g,20.7952,1,1
246,2458255.7280093,99.0,99.0,g,20.9174,1,1
247,2458255.7908565,99.0,99.0,r,20.5619,1,1
248,2458256.7702778,99.0,99.0,r,20.4549,1,1
249,2458257.6937153,99.0,99.0,i,19.8285,1,1
250,2458257.7172106,99.0,99.0,r,20.6503,1,1
251,2458257.7429051,99.0,99.0,r,20.4753,1,1
252,2458257.763206,99.0,99.0,r,20.5864,1,1
253,2458257.7641204,99.0,99.0,r,20.485,1,1
254,2458257.7650347,99.0,99.0,r,20.6811,1,1
255,2458257.7820949,99.0,99.0,r,20.6323,1,1
256,2458257.7830093,99.0,99.0,r,20.6739,1,1
257,2458257.7839236,99.0,99.0,r,20.6422,1,1
258,2458257.8109259,99.0,99.0,r,20.541,1,1
259,2458258.6827662,99.0,99.0,g,20.6232,1,1
260,2458258.7005903,99.0,99.0,r,20.5509,1,1
261,2458259.6822801,99.0,99.0,g,18.4985,1,1
262,2458259.7021296,99.0,99.0,g,16.7034,1,1
263,2458259.7244329,99.0,99.0,i,15.5858,1,1
264,2458259.7379745,99.0,99.0,r,16.4417,1,1
265,2458259.7746875,99.0,99.0,r,16.3853,1,1
266,2458260.6787153,99.0,99.0,r,20.3587,1,1
267,2458260.7040972,99.0,99.0,r,20.2681,1,1
268,2458260.7050116,99.0,99.0,r,20.2845,1,1
269,2458260.7059259,99.0,99.0,r,20.2788,1,1
270,2458262.7271875,99.0,99.0,g,20.3529,1,1
271,2458263.7688773,99.0,99.0,g,20.2422,1,1
272,2458263.8299653,99.0,99.0,i,19.5821,1,1
273,2458266.7473958,99.0,99.0,r,19.8248,1,1
274,2458266.7609954,99.0,99.0,r,19.7436,1,1
275,2458266.7693981,99.0,99.0,r,19.7746,1,1
276,2458266.7747569,99.0,99.0,r,19.4092,1,1
277,2458267.679537,99.0,99.0,g,19.4412,1,1
278,2458267.6961458,99.0,99.0,g,19.6573,1,1
279,2458267.7284375,99.0,99.0,g,19.6898,1,1
280,2458267.741088,99.0,99.0,i,19.6076,1,1
281,2458267.7864699,99.0,99.0,r,19.6182,1,1
282,2458267.8021528,99.0,99.0,r,19.7156,1,1
283,2458267.8205671,99.0,99.0,r,19.6102,1,1
284,2458269.6733912,99.0,99.0,r,20.1885,1,1
285,2458269.6947685,99.0,99.0,r,20.1737,1,1
286,2458269.6956829,99.0,99.0,r,20.2372,1,1
287,2458269.7238657,99.0,99.0,g,19.6652,1,1
288,2458269.7476968,99.0,99.0,g,19.8312,1,1
289,2458269.757037,99.0,99.0,g,19.7468,1,1
290,2458269.7601157,99.0,99.0,g,19.3661,1,1
291,2458270.7454514,99.0,99.0,g,19.9363,1,1
292,2458270.8074769,99.0,99.0,r,19.8274,1,1
293,2458270.8260069,99.0,99.0,r,19.6829,1,1
294,2458271.6761458,99.0,99.0,r,20.4643,1,1
295,2458272.6764699,99.0,99.0,r,20.6571,1,1
296,2458272.6773843,99.0,99.0,r,20.6548,1,1
297,2458272.6991667,99.0,99.0,g,20.8037,1,1
298,2458272.7239236,99.0,99.0,g,20.7864,1,1
299,2458272.724838,99.0,99.0,g,20.8057,1,1
300,2458272.7351852,99.0,99.0,g,20.8093,1,1
301,2458272.7907292,99.0,99.0,r,20.3915,1,1
302,2458272.8428009,99.0,99.0,i,19.4667,1,1
303,2458273.7465741,99.0,99.0,g,20.878,1,1
304,2458273.7580787,99.0,99.0,g,20.8221,1,1
305,2458273.8279167,99.0,99.0,r,20.3288,1,1
306,2458276.7075231,99.0,99.0,r,20.7861,1,1
307,2458276.7432523,99.0,99.0,g,20.9311,1,1
308,2458277.6829745,99.0,99.0,i,19.9173,1,1
309,2458278.7043287,99.0,99.0,g,20.6108,1,1
310,2458278.7170602,99.0,99.0,g,20.7836,1,1
311,2458278.7484028,99.0,99.0,r,20.5436,1,1
312,2458278.7568866,99.0,99.0,r,20.5064,1,1
313,2458278.7902431,99.0,99.0,r,20.4164,1,1
314,2458278.8434838,99.0,99.0,g,20.5036,1,1
315,2458279.6766782,99.0,99.0,r,20.5462,1,1
316,2458279.7232639,99.0,99.0,g,20.7898,1,1
317,2458281.7047685,99.0,99.0,r,20.748,1,1
318,2458281.7263194,99.0,99.0,r,20.7052,1,1
319,2458281.7896412,99.0,99.0,g,20.6549,1,1
320,2458281.8215046,99.0,99.0,r,20.486,1,1
321,2458282.6823843,99.0,99.0,i,20.1548,1,1
322,2458282.7059259,99.0,99.0,r,20.7284,1,1
323,2458282.7628704,99.0,99.0,g,20.7587,1,1
324,2458285.6817593,99.0,99.0,r,18.4985,1,1
325,2458285.721875,99.0,99.0,g,17.23,1,1
326,2458286.6805787,99.0,99.0,i,19.9048,1,1
327,2458288.7031366,99.0,99.0,g,20.5342,1,1
328,2458288.7424074,99.0,99.0,r,20.5719,1,1
329,2458290.6870833,99.0,99.0,i,19.7629,1,1
330,2458291.7414468,99.0,99.0,r,20.0765,1,1
331,2458294.6815046,99.0,99.0,g,20.0211,1,1
332,2458294.7395139,99.0,99.0,r,20.1442,1,1
333,2458295.6825463,99.0,99.0,g,19.9249,1,1
334,2458295.6993634,99.0,99.0,g,19.8872,1,1
335,2458295.7258912,99.0,99.0,g,19.7987,1,1
336,2458295.7422685,99.0,99.0,r,20.1643,1,1
337,2458295.7600463,99.0,99.0,r,19.893,1,1
338,2458295.7767245,99.0,99.0,r,19.812,1,1
339,2458295.825544,99.0,99.0,i,19.4861,1,1
340,2458296.6788426,99.0,99.0,g,19.4061,1,1
341,2458296.7408218,99.0,99.0,r,19.79,1,1
342,2458296.7759954,99.0,99.0,r,19.7348,1,1
343,2458297.7569213,99.0,99.0,r,19.7213,1,1
344,2458299.6770023,99.0,99.0,g,20.2198,1,1
345,2458299.7081134,99.0,99.0,g,20.0916,1,1
346,2458299.7287384,99.0,99.0,g,19.8935,1,1
347,2458300.6822917,99.0,99.0,r,20.4485,1,1
348,2458300.6976968,99.0,99.0,g,20.6371,1,1
349,2458302.6875,99.0,99.0,i,20.2733,1,1
350,2458303.7043866,99.0,99.0,g,20.7633,1,1
351,2458306.6780556,99.0,99.0,r,20.12,1,1
352,2458306.7236806,99.0,99.0,g,20.5054,1,1
353,2458308.6749306,99.0,99.0,i,19.4318,1,1
354,2458308.6922685,99.0,99.0,g,19.957,1,1
355,2458308.7105671,99.0,99.0,g,20.6985,1,1
356,2458313.7384954,99.0,99.0,g,20.3899,1,1
357,2458319.6825926,99.0,99.0,g,19.7215,1,1
358,2458319.7045486,99.0,99.0,g,19.7977,1,1
359,2458319.712338,99.0,99.0,r,19.8747,1,1
360,2458319.7132523,99.0,99.0,r,19.8017,1,1
361,2458319.7330324,99.0,99.0,r,19.7461,1,1
362,2458319.7595023,99.0,99.0,r,19.6588,1,1
363,2458320.7175347,99.0,99.0,i,19.8534,1,1
364,2458325.6877662,99.0,99.0,g,19.4479,1,1
365,2458325.7164583,99.0,99.0,r,19.5268,1,1
366,2458332.6775463,99.0,99.0,g,20.3982,1,1
367,2458336.6833102,99.0,99.0,g,20.4537,1,1
368,2458336.700544,99.0,99.0,r,20.3202,1,1
369,2458347.7053819,99.0,99.0,g,19.8052,1,1
370,2458365.6397454,99.0,99.0,r,19.8337,1,1
371,2458426.0284606,99.0,99.0,g,19.9149,1,1
372,2458431.0302662,99.0,99.0,g,20.5699,1,1
373,2458440.0205556,99.0,99.0,g,20.611,1,1
374,2458440.990625,99.0,99.0,g,18.0418,1,1
375,2458441.0491667,99.0,99.0,r,20.4937,1,1
376,2458443.9716204,99.0,99.0,r,19.7069,1,1
377,2458447.9719097,99.0,99.0,r,19.4183,1,1
378,2458448.0262153,99.0,99.0,r,19.544,1,1
379,2458450.9884954,99.0,99.0,g,19.8532,1,1
380,2458461.9916088,99.0,99.0,g,19.7935,1,1
381,2458465.0079167,99.0,99.0,g,20.8412,1,1
382,2458467.984456,99.0,99.0,g,19.4501,1,1
383,2458472.010544,99.0,99.0,g,20.5744,1,1
384,2458474.9900231,99.0,99.0,r,19.6667,1,1
385,2458481.0147222,99.0,99.0,g,19.8564,1,1
386,2458481.0561458,99.0,99.0,r,19.8356,1,1
387,2458483.0311111,99.0,99.0,g,20.1304,1,1
388,2458487.0107176,99.0,99.0,r,20.7046,1,1
389,2458487.0498032,99.0,99.0,g,20.6828,1,1
390,2458491.9852894,99.0,99.0,g,20.3568,1,1
391,2458495.0125116,99.0,99.0,g,21.0662,1,1
392,2458502.9760185,99.0,99.0,g,19.5633,1,1
393,2458503.0540625,99.0,99.0,r,20.4646,1,1
394,2458505.9461111,99.0,99.0,g,18.8567,1,1
395,2458506.9965972,99.0,99.0,g,19.4286,1,1
396,2458507.994919,99.0,99.0,g,19.3822,1,1
397,2458508.9878009,99.0,99.0,r,19.8893,1,1
398,2458511.9500347,99.0,99.0,g,20.6695,1,1
399,2458512.0299306,99.0,99.0,r,19.8351,1,1
400,2458514.9323148,99.0,99.0,r,19.4707,1,1
401,2458522.9513194,99.0,99.0,g,20.7619,1,1
402,2458522.9859606,99.0,99.0,g,20.6473,1,1
403,2458523.0386458,99.0,99.0,r,20.7147,1,1
404,2458526.9511111,99.0,99.0,g,20.2521,1,1
405,2458527.0196644,99.0,99.0,r,20.1054,1,1
406,2458534.9029745,99.0,99.0,r,19.0171,1,1
407,2458534.9244329,99.0,99.0,r,19.0819,1,1
408,2458534.9253356,99.0,99.0,r,19.043,1,1
409,2458534.9541551,99.0,99.0,r,19.0104,1,1
410,2458538.8613426,99.0,99.0,r,18.6228,1,1
411,2458538.8899306,99.0,99.0,i,18.2261,1,1
412,2458538.9167014,99.0,99.0,g,18.6758,1,1
413,2458538.9585995,99.0,99.0,g,19.3556,1,1
414,2458539.7539931,99.0,99.0,g,19.3915,1,1
415,2458539.7908218,99.0,99.0,g,20.124,1,1
416,2458539.8256597,99.0,99.0,r,18.7723,1,1
417,2458539.8387269,99.0,99.0,r,19.9484,1,1
418,2458539.8691435,99.0,99.0,r,20.036,1,1
419,2458539.8916782,99.0,99.0,g,20.0625,1,1
420,2458540.793287,99.0,99.0,r,20.1637,1,1
421,2458540.8207755,99.0,99.0,r,19.5585,1,1
422,2458540.8531597,99.0,99.0,r,20.6722,1,1
423,2458540.874537,99.0,99.0,g,20.8432,1,1
424,2458540.8784028,99.0,99.0,g,20.7491,1,1
425,2458540.8892824,99.0,99.0,g,20.62,1,1
426,2458540.8991667,99.0,99.0,g,20.6732,1,1
427,2458541.9994213,99.0,99.0,r,20.6556,1,1
428,2458543.7818634,99.0,99.0,g,19.6819,1,1
429,2458543.7998032,99.0,99.0,g,20.2022,1,1
430,2458543.8418634,99.0,99.0,r,20.2252,1,1
431,2458543.8427778,99.0,99.0,r,20.2576,1,1
432,2458543.8622685,99.0,99.0,r,20.4386,1,1
433,2458543.8843171,99.0,99.0,g,18.5311,1,1
434,2458543.8852431,99.0,99.0,g,18.3445,1,1
435,2458543.9086574,99.0,99.0,i,15.8972,1,1
436,2458543.9275231,99.0,99.0,r,17.6664,1,1
437,2458546.767338,99.0,99.0,g,20.5135,1,1
438,2458546.7856481,99.0,99.0,g,20.4826,1,1
439,2458547.8240278,99.0,99.0,g,20.6931,1,1
440,2458547.8509144,99.0,99.0,g,20.8078,1,1
441,2458547.8518287,99.0,99.0,g,20.7837,1,1
442,2458547.9262847,99.0,99.0,i,20.2262,1,1
443,2458547.9870255,99.0,99.0,r,20.7238,1,1
444,2458556.8641319,99.0,99.0,g,20.2092,1,1
445,2458556.8650347,99.0,99.0,g,20.2091,1,1
446,2458556.8911343,99.0,99.0,g,20.2844,1,1
447,2458556.9090972,99.0,99.0,i,19.7417,1,1
448,2458557.7788079,99.0,99.0,g,19.949,1,1
449,2458557.8627546,99.0,99.0,r,20.1679,1,1
450,2458557.8880671,99.0,99.0,r,19.7457,1,1
451,2458557.9008102,99.0,99.0,r,19.9883,1,1
452,2458558.8079051,99.0,99.0,i,19.6312,1,1
453,2458558.8262384,99.0,99.0,r,20.0298,1,1
454,2458558.8487384,99.0,99.0,r,20.0288,1,1
455,2458558.8612384,99.0,99.0,r,20.2315,1,1
456,2458558.9112269,99.0,99.0,g,20.3064,1,1
457,2458558.9270255,99.0,99.0,g,20.4017,1,1
458,2458559.7322106,99.0,99.0,r,19.994,1,1
459,2458559.7671528,99.0,99.0,r,20.1112,1,1
460,2458559.7680671,99.0,99.0,r,20.0951,1,1
461,2458559.7816551,99.0,99.0,r,20.0691,1,1
462,2458559.8196875,99.0,99.0,g,19.9403,1,1
463,2458559.845544,99.0,99.0,g,19.9868,1,1
464,2458560.7391782,99.0,99.0,g,19.5616,1,1
465,2458560.7665509,99.0,99.0,g,19.7529,1,1
466,2458560.7764815,99.0,99.0,g,19.728,1,1
467,2458560.8080208,99.0,99.0,i,19.7106,1,1
468,2458560.8540741,99.0,99.0,r,20.043,1,1
469,2458560.8635648,99.0,99.0,r,20.1473,1,1
470,2458560.8860069,99.0,99.0,r,20.0531,1,1
471,2458561.7739352,99.0,99.0,g,19.1262,1,1
472,2458561.7848264,99.0,99.0,g,18.9113,1,1
473,2458561.7986111,99.0,99.0,g,19.3184,1,1
474,2458561.8305093,99.0,99.0,g,19.4423,1,1
475,2458561.8500926,99.0,99.0,r,19.7171,1,1
476,2458561.8705787,99.0,99.0,r,19.7311,1,1
477,2458561.8916088,99.0,99.0,r,19.6979,1,1
478,2458562.8087963,99.0,99.0,g,18.1131,1,1
479,2458562.8097569,99.0,99.0,g,18.3401,1,1
480,2458562.8211574,99.0,99.0,g,17.8989,1,1
481,2458562.8490509,99.0,99.0,r,19.1162,1,1
482,2458562.8635301,99.0,99.0,r,17.7437,1,1
483,2458562.8644329,99.0,99.0,r,16.9798,1,1
484,2458567.8065394,99.0,99.0,g,19.9905,1,1
485,2458567.8312037,99.0,99.0,r,20.2221,1,1
486,2458567.8321065,99.0,99.0,r,20.1641,1,1
487,2458567.8446412,99.0,99.0,i,19.8339,1,1
488,2458567.8717477,99.0,99.0,r,20.1661,1,1
489,2458567.9081366,99.0,99.0,g,20.1698,1,1
490,2458568.7190278,99.0,99.0,g,20.6637,1,1
491,2458568.7485648,99.0,99.0,g,20.7221,1,1
492,2458568.7575347,99.0,99.0,g,20.2325,1,1
493,2458568.7799884,99.0,99.0,r,20.5741,1,1
494,2458568.7985532,99.0,99.0,r,20.4082,1,1
495,2458568.8296412,99.0,99.0,r,17.6996,1,1
496,2458569.8896991,99.0,99.0,r,20.5342,1,1
497,2458572.7406366,99.0,99.0,i,19.4058,1,1
498,2458572.7637731,99.0,99.0,g,20.31,1,1
499,2458572.8006597,99.0,99.0,r,20.1459,1,1
500,2458572.8084144,99.0,99.0,r,19.9522,1,1
501,2458572.8290162,99.0,99.0,g,20.3397,1,1
502,2458572.829919,99.0,99.0,g,20.4378,1,1
503,2458572.8511574,99.0,99.0,g,20.1778,1,1
504,2458572.8748032,99.0,99.0,r,19.6428,1,1
505,2458573.7693171,99.0,99.0,r,20.4123,1,1
506,2458573.7790509,99.0,99.0,r,20.3213,1,1
507,2458573.8005671,99.0,99.0,g,20.2595,1,1
508,2458573.8694907,99.0,99.0,g,20.7318,1,1
509,2458574.7795718,99.0,99.0,r,16.6361,1,1
510,2458574.8213426,99.0,99.0,r,19.0586,1,1
511,2458574.8447454,99.0,99.0,g,19.7709,1,1
512,2458574.8720833,99.0,99.0,g,20.7903,1,1
513,2458574.8885995,99.0,99.0,g,20.7958,1,1
514,2458575.7859144,99.0,99.0,g,20.9046,1,1
515,2458575.8061921,99.0,99.0,g,20.7384,1,1
516,2458575.8272338,99.0,99.0,g,20.9652,1,1
517,2458575.8281366,99.0,99.0,g,20.9641,1,1
518,2458575.8638657,99.0,99.0,r,18.971,1,1
519,2458575.8975463,99.0,99.0,r,19.9852,1,1
520,2458580.7399421,99.0,99.0,g,20.7886,1,1
521,2458580.7618519,99.0,99.0,g,20.7721,1,1
522,2458580.7848032,99.0,99.0,r,20.7783,1,1
523,2458580.7866319,99.0,99.0,r,20.748,1,1
524,2458580.8100116,99.0,99.0,g,20.5575,1,1
525,2458580.8109144,99.0,99.0,g,20.7336,1,1
526,2458580.8209606,99.0,99.0,r,20.5513,1,1
527,2458580.8765856,99.0,99.0,r,20.5126,1,1
528,2458581.7585069,99.0,99.0,r,20.5878,1,1
529,2458581.7806713,99.0,99.0,i,20.1545,1,1
530,2458581.808912,99.0,99.0,g,20.7748,1,1
531,2458581.8320602,99.0,99.0,g,20.7172,1,1
532,2458581.8648264,99.0,99.0,r,19.854,1,1
533,2458582.753669,99.0,99.0,r,20.697,1,1
534,2458582.819537,99.0,99.0,g,20.8937,1,1
535,2458582.8464699,99.0,99.0,g,20.9342,1,1
536,2458582.8752778,99.0,99.0,g,19.0683,1,1
537,2458583.7831944,99.0,99.0,r,20.2272,1,1
538,2458583.7841319,99.0,99.0,r,20.3069,1,1
539,2458583.8122917,99.0,99.0,r,20.2628,1,1
540,2458584.7488657,99.0,99.0,g,20.4672,1,1
541,2458584.7586574,99.0,99.0,g,20.4827,1,1
542,2458584.7766782,99.0,99.0,g,20.3739,1,1
543,2458584.8082292,99.0,99.0,r,20.5906,1,1
544,2458584.8234606,99.0,99.0,r,20.5476,1,1
545,2458584.8697801,99.0,99.0,r,20.3847,1,1
546,2458585.7215741,99.0,99.0,g,20.4725,1,1
547,2458585.7580787,99.0,99.0,g,20.6082,1,1
548,2458585.7843519,99.0,99.0,g,20.6391,1,1
549,2458585.8031944,99.0,99.0,r,20.5414,1,1
550,2458585.8219792,99.0,99.0,r,20.6331,1,1
551,2458586.6749769,99.0,99.0,g,20.1807,1,1
552,2458586.7291435,99.0,99.0,r,20.3096,1,1
553,2458586.7372222,99.0,99.0,r,20.4153,1,1
554,2458586.7461343,99.0,99.0,r,20.4452,1,1
555,2458586.7649653,99.0,99.0,g,20.3428,1,1
556,2458586.7766782,99.0,99.0,g,20.3626,1,1
557,2458586.777581,99.0,99.0,g,20.3256,1,1
558,2458586.829838,99.0,99.0,r,20.3426,1,1
559,2458587.723125,99.0,99.0,g,20.0637,1,1
560,2458587.7395255,99.0,99.0,g,19.894,1,1
561,2458587.770787,99.0,99.0,r,19.9748,1,1
562,2458587.7902894,99.0,99.0,r,19.9493,1,1
563,2458587.7969329,99.0,99.0,r,20.0209,1,1
564,2458587.8237037,99.0,99.0,g,20.2612,1,1
565,2458587.843287,99.0,99.0,i,19.5256,1,1
566,2458588.7797569,99.0,99.0,g,18.4243,1,1
567,2458588.7995602,99.0,99.0,g,19.7323,1,1
568,2458588.8262731,99.0,99.0,g,17.4984,1,1
569,2458588.8467014,99.0,99.0,r,18.0441,1,1
570,2458588.8644907,99.0,99.0,r,19.3715,1,1
571,2458589.6575694,99.0,99.0,g,19.0687,1,1
572,2458589.7627083,99.0,99.0,r,19.6418,1,1
573,2458589.7636227,99.0,99.0,r,19.6074,1,1
574,2458589.7827662,99.0,99.0,r,18.4796,1,1
575,2458589.8024421,99.0,99.0,r,18.3816,1,1
576,2458591.6938889,99.0,99.0,g,19.4601,1,1
577,2458591.7158218,99.0,99.0,g,19.3044,1,1
578,2458591.747963,99.0,99.0,g,19.4118,1,1
579,2458591.7986227,99.0,99.0,i,18.4836,1,1
580,2458591.8481713,99.0,99.0,r,18.6291,1,1
581,2458591.8622106,99.0,99.0,r,19.1719,1,1
582,2458591.8844213,99.0,99.0,r,19.5297,1,1
583,2458592.6396528,99.0,99.0,g,19.1777,1,1
584,2458592.6856597,99.0,99.0,g,18.9359,1,1
585,2458592.6866088,99.0,99.0,g,19.025,1,1
586,2458592.6948032,99.0,99.0,g,19.402,1,1
587,2458592.7587616,99.0,99.0,r,19.56,1,1
588,2458592.7615394,99.0,99.0,r,19.544,1,1
589,2458592.7802431,99.0,99.0,r,19.516,1,1
590,2458592.8018866,99.0,99.0,r,19.5451,1,1
591,2458593.7541319,99.0,99.0,r,19.7664,1,1
592,2458593.7742593,99.0,99.0,r,19.901,1,1
593,2458594.7232407,99.0,99.0,g,19.6521,1,1
594,2458594.7404745,99.0,99.0,g,19.6463,1,1
595,2458594.7565046,99.0,99.0,g,19.6433,1,1
596,2458594.8310532,99.0,99.0,r,19.5368,1,1
597,2458594.8415046,99.0,99.0,r,19.5818,1,1
598,2458596.6966782,99.0,99.0,g,20.5791,1,1
599,2458596.6976273,99.0,99.0,g,20.6262,1,1
600,2458596.7240972,99.0,99.0,g,20.6576,1,1
601,2458596.7426273,99.0,99.0,g,20.7578,1,1
602,2458596.7685301,99.0,99.0,r,20.3946,1,1
603,2458596.7694329,99.0,99.0,r,20.4247,1,1
604,2458596.7836343,99.0,99.0,r,20.4456,1,1
605,2458596.8039815,99.0,99.0,r,20.1864,1,1
606,2458596.8524769,99.0,99.0,i,19.9507,1,1
607,2458596.8637963,99.0,99.0,i,19.9747,1,1
608,2458597.7672685,99.0,99.0,g,20.7828,1,1
609,2458597.7822338,99.0,99.0,g,20.7553,1,1
610,2458597.810081,99.0,99.0,g,20.5744,1,1
611,2458597.8193171,99.0,99.0,r,20.4939,1,1
612,2458597.8409028,99.0,99.0,r,20.342,1,1
613,2458597.8659375,99.0,99.0,r,20.3461,1,1
614,2458598.7437037,99.0,99.0,g,20.9228,1,1
615,2458598.7646759,99.0,99.0,g,20.9677,1,1
616,2458598.7888657,99.0,99.0,g,20.9433,1,1
617,2458598.8044097,99.0,99.0,r,20.8594,1,1
618,2458598.9670023,99.0,99.0,g,20.1643,1,1
619,2458598.9997569,99.0,99.0,r,19.8468,1,1
620,2458599.6953125,99.0,99.0,g,20.355,1,1
621,2458599.69625,99.0,99.0,g,20.3858,1,1
622,2458599.7454861,99.0,99.0,g,21.4236,1,1
623,2458600.6924306,99.0,99.0,g,20.8783,1,1
624,2458600.7205093,99.0,99.0,g,20.4981,1,1
625,2458600.8090856,99.0,99.0,r,20.8295,1,1
626,2458602.7220718,99.0,99.0,g,18.6567,1,1
627,2458606.7265856,99.0,99.0,r,20.7238,1,1
628,2458606.734294,99.0,99.0,r,20.7824,1,1
629,2458606.7356481,99.0,99.0,r,20.6977,1,1
630,2458606.905,99.0,99.0,g,20.8709,1,1
631,2458606.9059028,99.0,99.0,g,20.866,1,1
632,2458606.9318519,99.0,99.0,g,20.7814,1,1
633,2458606.9507986,99.0,99.0,g,20.6582,1,1
634,2458607.7390046,99.0,99.0,r,20.5433,1,1
635,2458607.7698611,99.0,99.0,i,20.1778,1,1
636,2458607.803125,99.0,99.0,g,20.9357,1,1
637,2458608.7474421,99.0,99.0,r,20.7202,1,1
638,2458608.7567708,99.0,99.0,r,20.6216,1,1
639,2458608.7615856,99.0,99.0,r,20.5297,1,1
640,2458608.7849306,99.0,99.0,g,20.376,1,1
641,2458608.8092014,99.0,99.0,g,20.6671,1,1
642,2458608.8328935,99.0,99.0,g,20.4078,1,1
643,2458609.677338,99.0,99.0,g,20.1347,1,1
644,2458609.7084954,99.0,99.0,g,20.8597,1,1
645,2458612.7229051,99.0,99.0,r,20.9233,1,1
646,2458612.763831,99.0,99.0,g,21.0676,1,1
647,2458612.7647338,99.0,99.0,g,21.076,1,1
648,2458612.7901736,99.0,99.0,g,21.1082,1,1
649,2458612.8114005,99.0,99.0,g,21.0997,1,1
650,2458616.6590046,99.0,99.0,r,20.1224,1,1
651,2458616.6730903,99.0,99.0,r,20.1491,1,1
652,2458616.6962963,99.0,99.0,i,19.5882,1,1
653,2458616.7288542,99.0,99.0,g,19.8562,1,1
654,2458616.7461227,99.0,99.0,g,20.0727,1,1
655,2458616.7470255,99.0,99.0,g,19.9938,1,1
656,2458616.7639699,99.0,99.0,g,20.0972,1,1
657,2458616.881875,99.0,99.0,r,20.2066,1,1
658,2458618.7057639,99.0,99.0,r,20.0653,1,1
659,2458619.7045949,99.0,99.0,r,17.6864,1,1
660,2458619.7054977,99.0,99.0,r,17.9623,1,1
661,2458619.7220949,99.0,99.0,g,19.2779,1,1
662,2458619.7453704,99.0,99.0,g,19.2455,1,1
663,2458619.7462731,99.0,99.0,g,19.2807,1,1
664,2458619.7555787,99.0,99.0,g,19.2505,1,1
665,2458622.6765741,99.0,99.0,g,19.4267,1,1
666,2458622.6783796,99.0,99.0,g,19.2434,1,1
667,2458628.705162,99.0,99.0,g,20.865,1,1
668,2458628.7264468,99.0,99.0,g,20.8014,1,1
669,2458628.7273495,99.0,99.0,g,20.7499,1,1
670,2458628.8050694,99.0,99.0,r,20.6039,1,1
671,2458628.8214699,99.0,99.0,r,20.468,1,1
672,2458628.8228704,99.0,99.0,r,20.4877,1,1
673,2458632.6917708,99.0,99.0,g,20.8096,1,1
674,2458635.7044907,99.0,99.0,g,21.0127,1,1
675,2458638.6988542,99.0,99.0,g,20.9182,1,1
676,2458638.7198843,99.0,99.0,r,20.8344,1,1
677,2458641.6658449,99.0,99.0,g,20.1029,1,1
678,2458641.6879167,99.0,99.0,g,20.845,1,1
679,2458641.7796875,99.0,99.0,r,20.9845,1,1
680,2458643.7211111,99.0,99.0,i,19.9835,1,1
681,2458644.7589468,99.0,99.0,r,20.2889,1,1
682,2458647.7406597,99.0,99.0,r,20.1527,1,1
683,2458648.7867245,99.0,99.0,i,19.4673,1,1
684,2458649.6828009,99.0,99.0,g,19.6153,1,1
685,2458649.6930903,99.0,99.0,g,19.5448,1,1
686,2458649.7273843,99.0,99.0,r,19.8776,1,1
687,2458649.7661806,99.0,99.0,r,19.6906,1,1
688,2458649.8454282,99.0,99.0,g,19.134,1,1
689,2458650.7021644,99.0,99.0,g,19.8193,1,1
690,2458650.729213,99.0,99.0,g,19.7218,1,1
691,2458651.6785417,99.0,99.0,g,19.6006,1,1
692,2458651.6959375,99.0,99.0,g,19.5009,1,1
693,2458651.7291782,99.0,99.0,g,19.5042,1,1
694,2458651.7588657,99.0,99.0,r,19.6124,1,1
695,2458651.7876389,99.0,99.0,r,19.5025,1,1
696,2458653.781412,99.0,99.0,g,19.6279,1,1
697,2458654.6827546,99.0,99.0,r,20.6448,1,1
698,2458654.7266782,99.0,99.0,r,20.2867,1,1
699,2458654.7383218,99.0,99.0,g,20.1944,1,1
700,2458654.7626505,99.0,99.0,g,20.0334,1,1
701,2458654.7854167,99.0,99.0,g,19.5148,1,1
702,2458657.6978241,99.0,99.0,g,20.7143,1,1
703,2458660.6878704,99.0,99.0,g,20.4261,1,1
704,2458661.6744792,99.0,99.0,i,19.483,1,1
705,2458665.6961806,99.0,99.0,g,20.7589,1,1
706,2458668.6946412,99.0,99.0,g,20.8435,1,1
707,2458671.6746644,99.0,99.0,i,19.8551,1,1
708,2458671.7016667,99.0,99.0,r,19.8646,1,1
709,2458674.6997917,99.0,99.0,g,20.1511,1,1
710,2458674.7179745,99.0,99.0,r,20.2226,1,1
711,2458675.6727778,99.0,99.0,i,19.15,1,1
712,2458677.681088,99.0,99.0,g,19.9703,1,1
713,2458680.6783681,99.0,99.0,g,19.1622,1,1
714,2458680.742338,99.0,99.0,r,19.5963,1,1
715,2458683.6943403,99.0,99.0,g,20.1687,1,1
716,2458686.6976389,99.0,99.0,g,20.3723,1,1
717,2458689.6848843,99.0,99.0,r,17.0217,1,1
718,2458692.6800463,99.0,99.0,r,19.39,1,1
719,2458692.722581,99.0,99.0,g,20.3899,1,1
720,2458695.7071759,99.0,99.0,r,19.1867,1,1
721,2458701.6626505,99.0,99.0,r,19.2801,1,1
722,2458716.6526505,99.0,99.0,g,20.2114,1,1
723,2458720.6582523,99.0,99.0,g,20.0238,1,1
724,2458726.6456366,99.0,99.0,r,19.9038,1,1
725,2458726.6565394,99.0,99.0,g,19.8306,1,1
726,2458787.0277894,99.0,99.0,g,18.7288,1,1
727,2458792.012963,99.0,99.0,r,19.9611,1,1
728,2458801.0560301,99.0,99.0,g,19.1217,1,1
729,2458805.0119097,99.0,99.0,g,19.2049,1,1
730,2458805.0556481,99.0,99.0,r,19.332,1,1
731,2458813.0557755,99.0,99.0,r,20.0127,1,1
732,2458829.0174306,99.0,99.0,i,19.9884,1,1
733,2458829.0185764,99.0,99.0,i,19.9618,1,1
734,2458830.0045718,99.0,99.0,i,16.8208,1,1
735,2458831.0034954,99.0,99.0,i,20.4104,1,1
736,2458831.0046412,99.0,99.0,i,20.4051,1,1
737,2458832.0116088,99.0,99.0,i,19.963,1,1
738,2458832.0127546,99.0,99.0,i,19.9998,1,1
739,2458833.9807523,99.0,99.0,r,19.4467,1,1
740,2458833.9991898,99.0,99.0,r,19.3684,1,1
741,2458834.0456829,99.0,99.0,g,19.3294,1,1
742,2458834.0571181,99.0,99.0,g,19.137,1,1
743,2458834.0575694,99.0,99.0,g,19.3013,1,1
744,2458834.0580208,99.0,99.0,g,19.4901,1,1
745,2458837.007037,99.0,99.0,r,20.0221,1,1
746,2458837.0581597,99.0,99.0,g,20.3502,1,1
747,2458837.0677662,99.0,99.0,g,20.2804,1,1
748,2458847.0610069,99.0,99.0,g,20.6842,1,1
749,2458852.0314583,99.0,99.0,g,19.9245,1,1
750,2458852.0319097,99.0,99.0,g,20.0553,1,1
751,2458852.0323611,99.0,99.0,g,19.7774,1,1
752,2458853.0351157,99.0,99.0,g,20.8771,1,1
753,2458853.0497917,99.0,99.0,r,20.4339,1,1
754,2458853.0751968,99.0,99.0,r,20.2729,1,1
755,2458855.8860301,99.0,99.0,i,19.4309,1,1
756,2458855.9061227,99.0,99.0,i,19.809,1,1
757,2458855.936412,99.0,99.0,g,19.8068,1,1
758,2458855.9484375,99.0,99.0,g,19.5721,1,1
759,2458856.007037,99.0,99.0,g,20.4741,1,1
760,2458856.052037,99.0,99.0,r,20.583,1,1
761,2458856.0529398,99.0,99.0,r,20.5516,1,1
762,2458856.8658449,99.0,99.0,r,17.9667,1,1
763,2458859.8955903,99.0,99.0,i,19.4182,1,1
764,2458859.9090509,99.0,99.0,i,19.3921,1,1
765,2458859.9448727,99.0,99.0,r,19.7594,1,1
766,2458859.9867245,99.0,99.0,r,19.8215,1,1
767,2458859.9876273,99.0,99.0,r,19.8775,1,1
768,2458860.0387963,99.0,99.0,g,19.4965,1,1
769,2458860.0556944,99.0,99.0,g,19.7647,1,1
770,2458860.8718056,99.0,99.0,r,19.2418,1,1
771,2458860.8855787,99.0,99.0,r,19.5001,1,1
772,2458861.8619097,99.0,99.0,i,19.2362,1,1
773,2458861.926331,99.0,99.0,i,19.6097,1,1
774,2458861.9659259,99.0,99.0,g,19.0788,1,1
775,2458861.9928472,99.0,99.0,g,19.3219,1,1
776,2458862.0377778,99.0,99.0,r,19.7352,1,1
777,2458862.0545255,99.0,99.0,r,19.6666,1,1
778,2458862.865706,99.0,99.0,r,19.5566,1,1
779,2458862.8807292,99.0,99.0,r,19.5459,1,1
780,2458862.9001505,99.0,99.0,r,19.5711,1,1
781,2458862.9737847,99.0,99.0,g,19.593,1,1
782,2458862.9746991,99.0,99.0,g,19.7531,1,1
783,2458862.9853009,99.0,99.0,g,19.7225,1,1
784,2458863.057338,99.0,99.0,i,20.352,1,1
785,2458863.0739005,99.0,99.0,i,20.313,1,1
786,2458863.9241319,99.0,99.0,g,19.9157,1,1
787,2458863.9409606,99.0,99.0,g,19.8624,1,1
788,2458863.9776505,99.0,99.0,i,20.4526,1,1
789,2458863.9929977,99.0,99.0,i,20.4825,1,1
790,2458864.0505671,99.0,99.0,r,20.2924,1,1
791,2458864.933125,99.0,99.0,g,20.2395,1,1
792,2458864.9763773,99.0,99.0,g,20.3568,1,1
793,2458864.9975231,99.0,99.0,r,20.5106,1,1
794,2458865.0106134,99.0,99.0,r,20.1988,1,1
795,2458865.0520255,99.0,99.0,i,20.6951,1,1
796,2458865.0716088,99.0,99.0,i,20.57,1,1
797,2458866.9775463,99.0,99.0,i,20.2156,1,1
798,2458867.0291667,99.0,99.0,r,20.4536,1,1
799,2458867.0539005,99.0,99.0,g,20.3902,1,1
800,2458867.0548032,99.0,99.0,g,20.4405,1,1
801,2458867.0696759,99.0,99.0,g,20.3742,1,1
802,2458867.9293866,99.0,99.0,g,20.5977,1,1
803,2458867.9453704,99.0,99.0,g,20.5863,1,1
804,2458867.9760532,99.0,99.0,r,20.4147,1,1
805,2458867.9922454,99.0,99.0,r,20.5198,1,1
806,2458868.0559838,99.0,99.0,i,20.466,1,1
807,2458868.0727315,99.0,99.0,i,20.325,1,1
808,2458871.8679398,99.0,99.0,i,20.0086,1,1
809,2458871.8876968,99.0,99.0,i,19.9666,1,1
810,2458871.9502199,99.0,99.0,g,20.5873,1,1
811,2458871.9648495,99.0,99.0,g,20.3993,1,1
812,2458871.9657523,99.0,99.0,g,20.3355,1,1
813,2458872.0161458,99.0,99.0,r,20.2985,1,1
814,2458872.0229167,99.0,99.0,r,20.4471,1,1
815,2458872.0238194,99.0,99.0,r,20.3804,1,1
816,2458872.955544,99.0,99.0,g,20.8212,1,1
817,2458872.9942708,99.0,99.0,i,20.3808,1,1
818,2458873.0119676,99.0,99.0,i,19.4777,1,1
819,2458873.0746181,99.0,99.0,r,19.8788,1,1
820,2458873.8614236,99.0,99.0,g,20.6449,1,1
821,2458873.9071875,99.0,99.0,g,20.6921,1,1
822,2458873.9759838,99.0,99.0,i,20.5,1,1
823,2458873.99,99.0,99.0,i,20.5179,1,1
824,2458874.0108796,99.0,99.0,r,20.6843,1,1
825,2458874.0257292,99.0,99.0,r,20.6989,1,1
826,2458874.8939236,99.0,99.0,g,19.9115,1,1
827,2458875.8702315,99.0,99.0,i,20.2826,1,1
828,2458875.8910417,99.0,99.0,i,20.1769,1,1
829,2458875.9498032,99.0,99.0,g,20.6538,1,1
830,2458875.9650231,99.0,99.0,g,20.633,1,1
831,2458875.9659375,99.0,99.0,g,20.7068,1,1
832,2458876.0123727,99.0,99.0,r,20.6572,1,1
833,2458876.013287,99.0,99.0,r,20.6929,1,1
834,2458876.0382176,99.0,99.0,r,20.7151,1,1
835,2458876.7801389,99.0,99.0,r,20.0797,1,1
836,2458876.8454051,99.0,99.0,r,20.6465,1,1
837,2458876.8920718,99.0,99.0,g,20.6721,1,1
838,2458876.9754977,99.0,99.0,i,20.7942,1,1
839,2458876.9894329,99.0,99.0,i,20.8021,1,1
840,2458877.010463,99.0,99.0,g,20.7669,1,1
841,2458877.9540278,99.0,99.0,i,20.4569,1,1
842,2458877.9678588,99.0,99.0,i,20.7143,1,1
843,2458877.9925579,99.0,99.0,r,20.7361,1,1
844,2458878.0084838,99.0,99.0,r,20.7236,1,1
845,2458878.0352199,99.0,99.0,g,20.5914,1,1
846,2458878.0474421,99.0,99.0,g,20.3139,1,1
847,2458878.8226968,99.0,99.0,r,19.9095,1,1
848,2458878.8380903,99.0,99.0,r,19.9428,1,1
849,2458878.8723611,99.0,99.0,r,20.0206,1,1
850,2458878.9551389,99.0,99.0,i,20.3488,1,1
851,2458878.9703935,99.0,99.0,i,20.2576,1,1
852,2458878.9989931,99.0,99.0,g,20.3852,1,1
853,2458879.0138194,99.0,99.0,g,20.4272,1,1
854,2458879.0147222,99.0,99.0,g,20.3666,1,1
855,2458879.8729398,99.0,99.0,r,19.9134,1,1
856,2458879.9298611,99.0,99.0,i,19.9285,1,1
857,2458879.9534838,99.0,99.0,i,20.0699,1,1
858,2458879.9764931,99.0,99.0,g,20.1863,1,1
859,2458879.9937847,99.0,99.0,g,20.3828,1,1
860,2458880.0309259,99.0,99.0,r,19.6379,1,1
861,2458880.8918287,99.0,99.0,i,20.7414,1,1
862,2458880.955625,99.0,99.0,g,20.6254,1,1
863,2458880.9944444,99.0,99.0,g,20.6981,1,1
864,2458881.010162,99.0,99.0,r,20.6629,1,1
865,2458881.0285648,99.0,99.0,r,20.6105,1,1
866,2458881.0513889,99.0,99.0,i,20.5315,1,1
867,2458881.7955093,99.0,99.0,r,19.945,1,1
868,2458881.9325347,99.0,99.0,i,20.3947,1,1
869,2458881.967419,99.0,99.0,g,20.8857,1,1
870,2458881.9875347,99.0,99.0,g,20.893,1,1
871,2458881.9898148,99.0,99.0,g,20.8666,1,1
872,2458882.0335069,99.0,99.0,r,20.7192,1,1
873,2458882.0740278,99.0,99.0,i,20.1562,1,1
874,2458883.8089468,99.0,99.0,i,19.7378,1,1
875,2458883.8670486,99.0,99.0,i,20.0324,1,1
876,2458883.9329282,99.0,99.0,g,20.2173,1,1
877,2458883.9707176,99.0,99.0,g,20.2911,1,1
878,2458884.0310648,99.0,99.0,r,20.1159,1,1
879,2458884.045162,99.0,99.0,r,20.1663,1,1
880,2458884.8713657,99.0,99.0,i,19.989,1,1
881,2458884.9052083,99.0,99.0,i,20.1338,1,1
882,2458884.930081,99.0,99.0,g,19.9527,1,1
883,2458884.9529745,99.0,99.0,g,20.042,1,1
884,2458884.971875,99.0,99.0,g,20.3314,1,1
885,2458885.0041898,99.0,99.0,r,19.8149,1,1
886,2458885.0320833,99.0,99.0,r,20.1667,1,1
887,2458885.0329861,99.0,99.0,r,20.1456,1,1
888,2458885.8631597,99.0,99.0,i,19.7819,1,1
889,2458885.9041782,99.0,99.0,i,19.7448,1,1
890,2458885.9332292,99.0,99.0,g,19.5323,1,1
891,2458885.9494676,99.0,99.0,g,19.7519,1,1
892,2458886.0117361,99.0,99.0,r,20.1984,1,1
893,2458886.0325231,99.0,99.0,r,20.552,1,1
894,2458886.8679398,99.0,99.0,i,20.3034,1,1
895,2458886.9066319,99.0,99.0,i,20.3722,1,1
896,2458886.955463,99.0,99.0,g,19.7388,1,1
897,2458886.9705556,99.0,99.0,g,19.9401,1,1
898,2458887.0137384,99.0,99.0,r,20.1518,1,1
899,2458887.0311574,99.0,99.0,r,20.1837,1,1
900,2458887.7765856,99.0,99.0,i,19.9276,1,1
901,2458887.9308796,99.0,99.0,g,19.5913,1,1
902,2458887.949537,99.0,99.0,g,19.6112,1,1
903,2458887.9504514,99.0,99.0,g,19.667,1,1
904,2458887.98875,99.0,99.0,r,19.9813,1,1
905,2458888.7992593,99.0,99.0,g,18.8062,1,1
906,2458888.8717824,99.0,99.0,i,19.786,1,1
907,2458888.9033912,99.0,99.0,i,19.6084,1,1
908,2458888.9524537,99.0,99.0,r,19.2896,1,1
909,2458888.9663773,99.0,99.0,r,19.4092,1,1
910,2458889.0332407,99.0,99.0,g,18.8623,1,1
911,2458890.850787,99.0,99.0,i,19.7648,1,1
912,2458890.8589352,99.0,99.0,i,19.8858,1,1
913,2458890.9542593,99.0,99.0,r,19.2215,1,1
914,2458890.9678125,99.0,99.0,r,19.1533,1,1
915,2458890.9687269,99.0,99.0,r,19.07,1,1
916,2458891.0039352,99.0,99.0,g,18.8261,1,1
917,2458891.0048264,99.0,99.0,g,18.9193,1,1
918,2458891.0359838,99.0,99.0,g,19.1591,1,1
919,2458891.8844444,99.0,99.0,i,19.8952,1,1
920,2458891.9053009,99.0,99.0,i,19.9297,1,1
921,2458891.9342824,99.0,99.0,g,19.6677,1,1
922,2458891.9490162,99.0,99.0,g,19.7637,1,1
923,2458891.9874306,99.0,99.0,r,20.1461,1,1
924,2458892.0094097,99.0,99.0,r,20.0612,1,1
925,2458892.8261343,99.0,99.0,r,19.9468,1,1
926,2458892.8410764,99.0,99.0,g,19.7266,1,1
927,2458892.8921528,99.0,99.0,g,19.9405,1,1
928,2458892.9319213,99.0,99.0,i,20.4968,1,1
929,2458892.9868634,99.0,99.0,i,20.3656,1,1
930,2458893.0064931,99.0,99.0,r,20.1737,1,1
931,2458893.8846065,99.0,99.0,i,20.5656,1,1
932,2458893.9116898,99.0,99.0,i,20.5771,1,1
933,2458893.9518171,99.0,99.0,g,20.3128,1,1
934,2458893.9527199,99.0,99.0,g,20.3201,1,1
935,2458893.9936806,99.0,99.0,g,20.272,1,1
936,2458894.010081,99.0,99.0,r,20.4494,1,1
937,2458894.0109838,99.0,99.0,r,20.4154,1,1
938,2458894.0398032,99.0,99.0,r,20.408,1,1
939,2458894.8402778,99.0,99.0,g,20.4273,1,1
940,2458894.8620602,99.0,99.0,g,20.4241,1,1
941,2458894.8840162,99.0,99.0,i,20.6538,1,1
942,2458894.9121759,99.0,99.0,i,20.7048,1,1
943,2458894.9828588,99.0,99.0,r,20.4149,1,1
944,2458895.005625,99.0,99.0,r,20.3907,1,1
945,2458895.8202778,99.0,99.0,i,20.6786,1,1
946,2458895.8481597,99.0,99.0,i,20.7603,1,1
947,2458895.8881829,99.0,99.0,g,20.7264,1,1
948,2458895.9090278,99.0,99.0,g,20.4389,1,1
949,2458895.9312269,99.0,99.0,r,20.5175,1,1
950,2458895.9544907,99.0,99.0,r,20.632,1,1
951,2458896.8470255,99.0,99.0,i,20.6736,1,1
952,2458896.8864931,99.0,99.0,i,20.5181,1,1
953,2458898.9095255,99.0,99.0,g,21.0459,1,1
954,2458898.9296296,99.0,99.0,g,21.0453,1,1
955,2458898.9305324,99.0,99.0,g,21.0238,1,1
956,2458898.9506944,99.0,99.0,g,21.0611,1,1
957,2458898.9676042,99.0,99.0,r,20.8158,1,1
958,2458898.9891435,99.0,99.0,r,20.8525,1,1
959,2458898.9900463,99.0,99.0,r,20.8406,1,1
960,2458899.0068287,99.0,99.0,r,20.7937,1,1
961,2458899.8916782,99.0,99.0,g,20.743,1,1
962,2458899.9098032,99.0,99.0,g,20.8551,1,1
963,2458899.9301389,99.0,99.0,g,20.8339,1,1
964,2458899.931956,99.0,99.0,g,20.8127,1,1
965,2458899.9493287,99.0,99.0,r,20.6729,1,1
966,2458899.9502315,99.0,99.0,r,20.5888,1,1
967,2458899.9746875,99.0,99.0,r,20.6903,1,1
968,2458899.9910995,99.0,99.0,r,20.5595,1,1
969,2458900.841794,99.0,99.0,g,20.4816,1,1
970,2458900.866331,99.0,99.0,g,20.7778,1,1
971,2458900.8841204,99.0,99.0,g,20.6446,1,1
972,2458900.8850694,99.0,99.0,g,20.7583,1,1
973,2458900.9110764,99.0,99.0,r,19.73,1,1
974,2458900.9303588,99.0,99.0,r,20.1203,1,1
975,2458900.9312616,99.0,99.0,r,20.0581,1,1
976,2458901.888044,99.0,99.0,r,20.676,1,1
977,2458901.889213,99.0,99.0,r,20.5707,1,1
978,2458901.908912,99.0,99.0,r,20.5016,1,1
979,2458901.9285069,99.0,99.0,r,20.573,1,1
980,2458901.9494907,99.0,99.0,r,20.3949,1,1
981,2458901.9697917,99.0,99.0,r,20.3533,1,1
982,2458903.8503009,99.0,99.0,g,20.7594,1,1
983,2458903.866088,99.0,99.0,g,20.9101,1,1
984,2458903.8670023,99.0,99.0,g,20.9022,1,1
985,2458903.8826157,99.0,99.0,r,20.6766,1,1
986,2458903.9073727,99.0,99.0,r,20.7808,1,1
987,2458903.9282523,99.0,99.0,r,20.7922,1,1
988,2458903.9291667,99.0,99.0,r,20.7977,1,1
989,2458903.9500463,99.0,99.0,r,20.6778,1,1
990,2458903.9666898,99.0,99.0,r,20.7982,1,1
991,2458903.9911111,99.0,99.0,r,20.7394,1,1
992,2458904.8861227,99.0,99.0,i,20.5251,1,1
993,2458904.9134606,99.0,99.0,i,20.4605,1,1
994,2458904.9319676,99.0,99.0,g,20.3877,1,1
995,2458904.9558102,99.0,99.0,g,20.4994,1,1
996,2458904.9567245,99.0,99.0,g,20.5908,1,1
997,2458904.9621991,99.0,99.0,r,20.2676,1,1
998,2458904.9853241,99.0,99.0,r,20.5577,1,1
999,2458904.9918171,99.0,99.0,r,20.4542,1,1
1000,2458905.7797685,99.0,99.0,g,19.9535,1,1
1001,2458906.0199769,99.0,99.0,g,19.8103,1,1
1002,2458906.7965394,99.0,99.0,g,20.2122,1,1
1003,2458906.8213079,99.0,99.0,g,20.4649,1,1
1004,2458906.8463079,99.0,99.0,g,20.5818,1,1
1005,2458906.906088,99.0,99.0,i,20.8464,1,1
1006,2458906.9234491,99.0,99.0,i,20.6465,1,1
1007,2458906.9672917,99.0,99.0,r,20.297,1,1
1008,2458906.9681944,99.0,99.0,r,20.2397,1,1
1009,2458906.9937616,99.0,99.0,r,19.6126,1,1
1010,2458908.8209375,99.0,99.0,g,20.5426,1,1
1011,2458908.8464005,99.0,99.0,g,20.6895,1,1
1012,2458908.8482176,99.0,99.0,g,20.7549,1,1
1013,2458908.8900579,99.0,99.0,i,20.6916,1,1
1014,2458908.9029514,99.0,99.0,i,20.658,1,1
1015,2458908.9681597,99.0,99.0,r,20.7426,1,1
1016,2458908.9690625,99.0,99.0,r,20.7727,1,1
1017,2458908.9986343,99.0,99.0,r,20.507,1,1
1018,2458909.7409954,99.0,99.0,g,19.5259,1,1
1019,2458909.7641204,99.0,99.0,g,19.5549,1,1
1020,2458909.8684375,99.0,99.0,i,19.6666,1,1
1021,2458911.7639005,99.0,99.0,i,19.8136,1,1
1022,2458911.8446875,99.0,99.0,i,20.0502,1,1
1023,2458911.8722569,99.0,99.0,g,20.0924,1,1
1024,2458911.9092593,99.0,99.0,g,20.4895,1,1
1025,2458911.910162,99.0,99.0,g,20.39,1,1
1026,2458911.9408218,99.0,99.0,r,20.259,1,1
1027,2458911.9674537,99.0,99.0,r,20.3174,1,1
1028,2458911.9683565,99.0,99.0,r,20.1425,1,1
1029,2458912.8462963,99.0,99.0,i,20.4037,1,1
1030,2458912.8920602,99.0,99.0,i,20.4981,1,1
1031,2458912.9556134,99.0,99.0,r,20.6433,1,1
1032,2458912.9664005,99.0,99.0,r,20.5491,1,1
1033,2458912.9789236,99.0,99.0,r,20.536,1,1
1034,2458913.0107523,99.0,99.0,g,20.6498,1,1
1035,2458913.0195486,99.0,99.0,g,20.6974,1,1
1036,2458913.0482986,99.0,99.0,g,20.3783,1,1
1037,2458913.783912,99.0,99.0,g,19.8508,1,1
1038,2458913.7982986,99.0,99.0,g,20.0308,1,1
1039,2458913.8703588,99.0,99.0,i,20.448,1,1
1040,2458913.9131597,99.0,99.0,i,19.882,1,1
1041,2458913.9353009,99.0,99.0,r,20.076,1,1
1042,2458913.9528009,99.0,99.0,r,20.3114,1,1
1043,2458913.9694676,99.0,99.0,r,20.2357,1,1
1044,2458914.0090278,99.0,99.0,g,20.3094,1,1
1045,2458914.7879861,99.0,99.0,i,20.1693,1,1
1046,2458914.8240162,99.0,99.0,i,19.5634,1,1
1047,2458914.8878704,99.0,99.0,r,20.0604,1,1
1048,2458914.9127546,99.0,99.0,r,19.8104,1,1
1049,2458914.913669,99.0,99.0,r,19.7173,1,1
1050,2458914.9325694,99.0,99.0,g,19.8227,1,1
1051,2458914.9516782,99.0,99.0,g,20.1316,1,1
1052,2458914.9713079,99.0,99.0,g,19.6542,1,1
1053,2458915.7870255,99.0,99.0,i,20.0187,1,1
1054,2458915.8207292,99.0,99.0,i,19.13,1,1
1055,2458915.8922569,99.0,99.0,r,20.0168,1,1
1056,2458915.9115856,99.0,99.0,r,19.6321,1,1
1057,2458915.9125,99.0,99.0,r,19.6335,1,1
1058,2458915.9545949,99.0,99.0,g,19.6857,1,1
1059,2458915.9554977,99.0,99.0,g,19.6501,1,1
1060,2458915.9625347,99.0,99.0,g,19.8023,1,1
1061,2458917.766956,99.0,99.0,g,17.6105,1,1
1062,2458917.8204745,99.0,99.0,i,18.1578,1,1
1063,2458936.7805093,99.0,99.0,g,20.7732,1,1
1064,2458936.7991551,99.0,99.0,g,20.7826,1,1
1065,2458936.8029051,99.0,99.0,g,20.8342,1,1
1066,2458936.8296528,99.0,99.0,i,20.642,1,1
1067,2458936.9047801,99.0,99.0,r,20.5997,1,1
1068,2458936.924838,99.0,99.0,r,20.6512,1,1
1069,2458936.9271644,99.0,99.0,r,20.6683,1,1
1070,2458939.7440741,99.0,99.0,i,19.6379,1,1
1071,2458939.7648958,99.0,99.0,i,19.5597,1,1
1072,2458939.8028472,99.0,99.0,g,19.9286,1,1
1073,2458939.8310185,99.0,99.0,g,19.5428,1,1
1074,2458939.8456134,99.0,99.0,g,20.012,1,1
1075,2458939.8937847,99.0,99.0,r,19.6243,1,1
1076,2458939.8992361,99.0,99.0,r,18.736,1,1
1077,2458939.9001852,99.0,99.0,r,18.2725,1,1
1078,2458940.7597454,99.0,99.0,i,19.631,1,1
1079,2458940.823044,99.0,99.0,i,18.7812,1,1
1080,2458940.8860532,99.0,99.0,g,20.1377,1,1
1081,2458940.8907292,99.0,99.0,g,20.3672,1,1
1082,2458940.9078356,99.0,99.0,r,18.3926,1,1
1083,2458940.9092245,99.0,99.0,r,17.9737,1,1
1084,2458941.8054861,99.0,99.0,i,20.4335,1,1
1085,2458941.8439583,99.0,99.0,i,20.3941,1,1
1086,2458941.884537,99.0,99.0,r,20.1568,1,1
1087,2458941.8927662,99.0,99.0,r,20.3687,1,1
1088,2458941.9107523,99.0,99.0,r,20.242,1,1
1089,2458941.9487731,99.0,99.0,g,20.5637,1,1
1090,2458941.9496759,99.0,99.0,g,20.5626,1,1
1091,2458941.9641782,99.0,99.0,g,20.433,1,1
1092,2458943.9166319,99.0,99.0,g,19.97,1,1
1093,2458944.7557176,99.0,99.0,i,20.0374,1,1
1094,2458944.7771528,99.0,99.0,i,20.0387,1,1
1095,2458944.8679051,99.0,99.0,r,19.6826,1,1
1096,2458944.8866204,99.0,99.0,r,19.6294,1,1
1097,2458944.8890162,99.0,99.0,r,19.532,1,1
1098,2458944.9228356,99.0,99.0,g,19.3574,1,1
1099,2458944.9491319,99.0,99.0,g,19.4742,1,1
1100,2458944.9500347,99.0,99.0,g,19.4637,1,1
1101,2458954.7684491,99.0,99.0,r,20.643,1,1
1102,2458954.8078472,99.0,99.0,g,20.7768,1,1
1103,2458954.80875,99.0,99.0,g,20.7644,1,1
1104,2458954.8379398,99.0,99.0,i,20.1344,1,1
1105,2458954.8592824,99.0,99.0,i,20.1103,1,1
1106,2458954.8859259,99.0,99.0,g,20.4634,1,1
1107,2458954.9528125,99.0,99.0,r,20.0145,1,1
1108,2458954.9718634,99.0,99.0,r,19.9863,1,1
1109,2458955.7594444,99.0,99.0,r,20.7029,1,1
1110,2458955.7603935,99.0,99.0,r,20.6442,1,1
1111,2458955.8110417,99.0,99.0,g,20.7767,1,1
1112,2458955.8119444,99.0,99.0,g,20.7344,1,1
1113,2458955.8251042,99.0,99.0,g,20.8042,1,1
1114,2458955.844456,99.0,99.0,i,19.9944,1,1
1115,2458955.8596991,99.0,99.0,i,19.9274,1,1
1116,2458956.7868866,99.0,99.0,r,20.5886,1,1
1117,2458962.7361806,99.0,99.0,g,20.7239,1,1
1118,2458962.7861458,99.0,99.0,r,20.68,1,1
1119,2458963.818831,99.0,99.0,g,20.8664,1,1
1120,2458964.8159259,99.0,99.0,i,20.1712,1,1
1121,2458965.7681597,99.0,99.0,g,20.9206,1,1
1122,2458965.7964352,99.0,99.0,r,20.8492,1,1
1123,2458968.7539583,99.0,99.0,g,20.7857,1,1
1124,2458968.7544213,99.0,99.0,g,20.7722,1,1
1125,2458968.7548958,99.0,99.0,g,20.7988,1,1
1126,2458968.8037731,99.0,99.0,g,20.7694,1,1
1127,2458968.8235301,99.0,99.0,i,20.2007,1,1
1128,2458968.8675,99.0,99.0,r,20.8777,1,1
1129,2458969.7403009,99.0,99.0,g,20.6232,1,1
1130,2458969.8199306,99.0,99.0,r,18.4518,1,1
1131,2458970.694294,99.0,99.0,r,20.343,1,1
1132,2458970.7895255,99.0,99.0,g,20.4685,1,1
1133,2458971.7205671,99.0,99.0,r,20.2874,1,1
1134,2458971.7281597,99.0,99.0,r,20.3323,1,1
1135,2458971.7828472,99.0,99.0,g,20.0642,1,1
1136,2458971.7837847,99.0,99.0,g,20.1399,1,1
1137,2458972.6944329,99.0,99.0,r,20.0889,1,1
1138,2458972.7504167,99.0,99.0,g,20.0783,1,1
1139,2458972.7676852,99.0,99.0,g,19.9745,1,1
1140,2458972.8240509,99.0,99.0,i,19.7808,1,1
1141,2458973.7413194,99.0,99.0,g,19.8567,1,1
1142,2458973.7872222,99.0,99.0,r,19.9787,1,1
1143,2458973.7960764,99.0,99.0,r,20.0462,1,1
1144,2458974.7004398,99.0,99.0,g,19.7365,1,1
1145,2458974.7014005,99.0,99.0,g,19.7554,1,1
1146,2458974.7375579,99.0,99.0,r,19.8373,1,1
1147,2458974.7385301,99.0,99.0,r,19.9282,1,1
1148,2458975.673125,99.0,99.0,r,19.8516,1,1
1149,2458975.7566551,99.0,99.0,g,19.4314,1,1
1150,2458975.7840625,99.0,99.0,g,19.566,1,1
1151,2458975.785463,99.0,99.0,g,19.5088,1,1
1152,2458975.7864005,99.0,99.0,g,19.496,1,1
1153,2458976.6969792,99.0,99.0,g,19.5082,1,1
1154,2458976.739294,99.0,99.0,r,19.7925,1,1
1155,2458976.7843519,99.0,99.0,r,19.6927,1,1
1156,2458976.8849884,99.0,99.0,i,19.4396,1,1
1157,2458977.6779861,99.0,99.0,g,18.4093,1,1
1158,2458977.6789352,99.0,99.0,g,18.6145,1,1
1159,2458977.716875,99.0,99.0,r,18.0814,1,1
1160,2458977.7178009,99.0,99.0,r,17.3843,1,1
1161,2458978.7001505,99.0,99.0,g,20.3713,1,1
1162,2458978.7429745,99.0,99.0,r,20.2823,1,1
1163,2458979.7364005,99.0,99.0,g,20.5564,1,1
1164,2458980.7046412,99.0,99.0,g,21.1018,1,1
1165,2458980.7055671,99.0,99.0,g,21.1012,1,1
1166,2458980.7619097,99.0,99.0,r,21.0439,1,1
1167,2458980.7628472,99.0,99.0,r,21.05,1,1
1168,2458980.8422222,99.0,99.0,i,19.6342,1,1
1169,2458981.704213,99.0,99.0,g,20.8764,1,1
1170,2458981.7584144,99.0,99.0,r,20.6781,1,1
1171,2458985.6978356,99.0,99.0,g,20.9193,1,1
1172,2458985.6987616,99.0,99.0,g,20.9083,1,1
1173,2458986.7256829,99.0,99.0,g,20.8794,1,1
1174,2458986.759375,99.0,99.0,r,20.8215,1,1
1175,2458987.7354282,99.0,99.0,g,21.0333,1,1
1176,2458987.7654977,99.0,99.0,i,20.286,1,1
1177,2458987.8015741,99.0,99.0,r,20.9379,1,1
1178,2458991.6875694,99.0,99.0,g,20.9205,1,1
1179,2458991.7456366,99.0,99.0,r,20.8381,1,1
1180,2458991.7466319,99.0,99.0,r,20.7389,1,1
1181,2458992.7022106,99.0,99.0,g,20.9769,1,1
1182,2458992.7586574,99.0,99.0,r,20.8781,1,1
1183,2458993.7543981,99.0,99.0,g,20.8605,1,1
1184,2458993.7800116,99.0,99.0,r,20.709,1,1
1185,2458994.699919,99.0,99.0,r,20.7606,1,1
1186,2458994.7008565,99.0,99.0,r,20.8183,1,1
1187,2458994.7468981,99.0,99.0,g,20.9296,1,1
1188,2458994.7478472,99.0,99.0,g,20.9036,1,1
1189,2458995.7329167,99.0,99.0,r,20.7997,1,1
1190,2458995.8060995,99.0,99.0,g,20.7432,1,1
1191,2458996.7009375,99.0,99.0,g,20.8306,1,1
1192,2458996.7576505,99.0,99.0,r,20.8054,1,1
1193,2458997.707419,99.0,99.0,g,20.7443,1,1
1194,2458997.7597454,99.0,99.0,r,20.7512,1,1
1195,2458997.7606944,99.0,99.0,r,20.7341,1,1
1196,2458998.6998032,99.0,99.0,g,20.6331,1,1
1197,2458998.734213,99.0,99.0,r,20.6684,1,1
1198,2458999.7373727,99.0,99.0,g,19.9173,1,1
1199,2458999.7823958,99.0,99.0,r,20.1431,1,1
1200,2459000.7419097,99.0,99.0,g,20.0705,1,1
1201,2459000.7670486,99.0,99.0,g,20.1749,1,1
1202,2459000.7679977,99.0,99.0,g,20.2106,1,1
1203,2459001.6759722,99.0,99.0,g,19.999,1,1
1204,2459001.7071528,99.0,99.0,i,19.3472,1,1
1205,2459004.6973843,99.0,99.0,g,19.7778,1,1
1206,2459004.6983218,99.0,99.0,g,19.7263,1,1
1207,2459004.7381944,99.0,99.0,r,19.9472,1,1
1208,2459004.7391319,99.0,99.0,r,19.9156,1,1
1209,2459005.6806713,99.0,99.0,g,19.5995,1,1
1210,2459009.704294,99.0,99.0,r,20.2262,1,1
1211,2459011.7150463,99.0,99.0,i,20.0767,1,1
1212,2459012.7030787,99.0,99.0,g,20.9408,1,1
1213,2459015.6872801,99.0,99.0,i,20.1429,1,1
1214,2459016.7295023,99.0,99.0,r,20.443,1,1
1215,2459019.7190972,99.0,99.0,r,20.8332,1,1
1216,2459019.765162,99.0,99.0,g,20.8013,1,1
1217,2459020.824838,99.0,99.0,i,19.9822,1,1
1218,2459022.7259491,99.0,99.0,r,20.8534,1,1
1219,2459024.8070949,99.0,99.0,i,18.8906,1,1
1220,2459025.6735764,99.0,99.0,r,20.2842,1,1
1221,2459025.7258681,99.0,99.0,g,20.7494,1,1
1222,2459028.72125,99.0,99.0,r,20.15,1,1
1223,2459028.7748958,99.0,99.0,i,19.6403,1,1
1224,2459031.6775463,99.0,99.0,g,19.8459,1,1
1225,2459031.7191667,99.0,99.0,r,19.9608,1,1
1226,2459033.7565278,99.0,99.0,i,19.7422,1,1
1227,2459035.7078935,99.0,99.0,g,19.3369,1,1
1228,2459035.8004051,99.0,99.0,r,19.2445,1,1
1229,2459037.7793981,99.0,99.0,i,19.7113,1,1
1230,2459038.7040625,99.0,99.0,r,20.4306,1,1
1231,2459038.7585417,99.0,99.0,g,19.7967,1,1
1232,2459041.6780903,99.0,99.0,i,20.0468,1,1
1233,2459041.6959954,99.0,99.0,g,20.6049,1,1
1234,2459041.7455903,99.0,99.0,r,20.393,1,1
1235,2459044.7249769,99.0,99.0,r,20.3839,1,1
1236,2459045.6832407,99.0,99.0,i,20.0649,1,1
1237,2459049.74625,99.0,99.0,i,20.076,1,1
1238,2459053.7576389,99.0,99.0,i,19.942,1,1
1239,2459055.6971875,99.0,99.0,r,20.004,1,1
1240,2459056.6673032,99.0,99.0,i,19.6221,1,1
1241,2459056.7470949,99.0,99.0,g,19.8669,1,1
1242,2459056.7495949,99.0,99.0,i,19.4971,1,1
1243,2459057.6676273,99.0,99.0,i,19.6493,1,1
1244,2459057.6861921,99.0,99.0,r,20.2489,1,1
1245,2459057.6984838,99.0,99.0,g,20.0796,1,1
1246,2459057.7493056,99.0,99.0,i,19.3434,1,1
1247,2459059.6971991,99.0,99.0,i,19.9166,1,1
1248,2459060.6961458,99.0,99.0,r,20.0883,1,1
1249,2459060.7212731,99.0,99.0,g,19.7388,1,1
1250,2459062.7014699,99.0,99.0,g,19.5867,1,1
1251,2459062.7430787,99.0,99.0,r,19.4792,1,1
1252,2459063.6966551,99.0,99.0,i,19.4568,1,1
1253,2459065.6634838,99.0,99.0,r,19.4168,1,1
1254,2459065.7289931,99.0,99.0,g,18.7741,1,1
1255,2459073.6564583,99.0,99.0,i,19.5882,1,1
1256,2459077.6970486,99.0,99.0,i,19.5017,1,1
1257,2459078.6511806,99.0,99.0,r,19.8757,1,1
1258,2459078.6561458,99.0,99.0,r,20.1832,1,1
1259,2459078.6610995,99.0,99.0,r,20.2045,1,1
1260,2459078.6660532,99.0,99.0,r,20.1652,1,1
1261,2459081.6561806,99.0,99.0,i,19.4714,1,1
1262,2459082.6472685,99.0,99.0,r,19.4983,1,1
1263,2459082.6521644,99.0,99.0,r,19.7496,1,1
1264,2459082.6570486,99.0,99.0,r,19.7408,1,1
1265,2459082.6619329,99.0,99.0,r,19.617,1,1
1266,2459085.654375,99.0,99.0,i,19.1864,1,1
1267,2459086.6423611,99.0,99.0,r,19.4365,1,1
1268,2459086.6472106,99.0,99.0,r,19.701,1,1
1269,2459086.6520602,99.0,99.0,r,19.689,1,1
1270,2459086.6568981,99.0,99.0,r,19.8942,1,1
1271,2459088.6389005,99.0,99.0,r,18.8957,1,1
1272,2459088.6437384,99.0,99.0,r,19.2896,1,1
1273,2459088.6527315,99.0,99.0,r,19.415,1,1
1274,2459088.6575463,99.0,99.0,r,19.3364,1,1
1275,2459089.6647454,99.0,99.0,i,19.2383,1,1
1276,2459090.64375,99.0,99.0,r,19.3954,1,1
1277,2459090.6487847,99.0,99.0,r,19.5458,1,1
1278,2459090.6537847,99.0,99.0,r,19.5165,1,1
1279,2459092.637338,99.0,99.0,r,19.496,1,1
1280,2459092.6424074,99.0,99.0,r,19.5971,1,1
1281,2459092.6474769,99.0,99.0,r,19.5933,1,1
1282,2459092.6525347,99.0,99.0,r,19.4877,1,1
1283,2459094.6315741,99.0,99.0,r,19.2131,1,1
1284,2459094.6408912,99.0,99.0,r,19.3745,1,1
1285,2459094.645625,99.0,99.0,r,19.4495,1,1
1286,2459094.6503356,99.0,99.0,r,19.344,1,1
1287,2459096.6300694,99.0,99.0,r,19.412,1,1
1288,2459096.6347917,99.0,99.0,r,19.6442,1,1
1289,2459096.6395139,99.0,99.0,r,19.6939,1,1
1290,2459096.6442245,99.0,99.0,r,19.7798,1,1
1291,2459096.6489236,99.0,99.0,r,19.8133,1,1
1292,2459098.6290509,99.0,99.0,r,19.3488,1,1
1293,2459098.6337616,99.0,99.0,r,19.6586,1,1
1294,2459098.6384838,99.0,99.0,r,19.7827,1,1
1295,2459098.6431944,99.0,99.0,r,19.7351,1,1
1296,2459098.6479167,99.0,99.0,r,19.6864,1,1
1297,2459163.9865162,99.0,99.0,g,19.8298,1,1
1298,2459164.0247917,99.0,99.0,r,19.9818,1,1
1299,2459164.9849074,99.0,99.0,i,19.1496,1,1
1300,2459165.9886458,99.0,99.0,r,20.236,1,1
1301,2459169.0138542,99.0,99.0,g,20.4209,1,1
1302,2459169.0339583,99.0,99.0,r,20.2702,1,1
1303,2459169.0484028,99.0,99.0,i,19.5048,1,1
1304,2459170.9915856,99.0,99.0,g,20.2776,1,1
1305,2459171.0525463,99.0,99.0,r,20.0755,1,1
1306,2459173.9753009,99.0,99.0,g,18.8532,1,1
1307,2459174.0277431,99.0,99.0,r,19.6096,1,1
1308,2459177.0135995,99.0,99.0,g,20.3141,1,1
1309,2459177.0582986,99.0,99.0,r,19.9418,1,1
1310,2459182.9945949,99.0,99.0,r,19.4533,1,1
1311,2459183.0570833,99.0,99.0,g,19.8176,1,1
1312,2459186.0033449,99.0,99.0,g,19.6877,1,1
1313,2459186.033588,99.0,99.0,r,19.9014,1,1
1314,2459187.9945023,99.0,99.0,r,19.3039,1,1
1315,2459188.0392477,99.0,99.0,g,19.3172,1,1
1316,2459188.9957986,99.0,99.0,i,19.5152,1,1
1317,2459190.0176042,99.0,99.0,g,20.1719,1,1
1318,2459193.0097685,99.0,99.0,r,19.724,1,1
1319,2459193.011169,99.0,99.0,r,19.7521,1,1
1320,2459193.0289468,99.0,99.0,g,17.083,1,1
1321,2459193.9728125,99.0,99.0,g,20.1311,1,1
1322,2459194.0246181,99.0,99.0,r,20.5046,1,1
1323,2459194.9951042,99.0,99.0,r,20.4087,1,1
1324,2459194.9961343,99.0,99.0,r,20.4985,1,1
1325,2459195.0363657,99.0,99.0,g,20.3812,1,1
1326,2459195.0373148,99.0,99.0,g,20.3858,1,1
1327,2459196.0152894,99.0,99.0,r,19.6949,1,1
1328,2459196.0341898,99.0,99.0,g,20.1675,1,1
1329,2459198.9941667,99.0,99.0,r,20.2779,1,1
1330,2459199.0482292,99.0,99.0,g,20.5905,1,1
1331,2459199.9146181,99.0,99.0,r,19.8724,1,1
1332,2459200.0478356,99.0,99.0,g,20.5448,1,1
1333,2459200.9752315,99.0,99.0,g,19.5774,1,1
1334,2459200.990544,99.0,99.0,i,18.6825,1,1
1335,2459201.0459954,99.0,99.0,r,20.0553,1,1
1336,2459203.9953356,99.0,99.0,r,20.1724,1,1
1337,2459204.0337037,99.0,99.0,g,20.3055,1,1
1338,2459205.0272685,99.0,99.0,i,20.0965,1,1
1339,2459206.9890278,99.0,99.0,r,18.326,1,1
1340,2459207.0362384,99.0,99.0,g,17.2714,1,1
1341,2459215.9758218,99.0,99.0,r,19.3524,1,1
1342,2459215.9917593,99.0,99.0,g,19.2175,1,1
1343,2459216.9724074,99.0,99.0,i,19.4701,1,1
1344,2459217.8901042,99.0,99.0,r,19.6747,1,1
1345,2459218.0285764,99.0,99.0,g,19.5756,1,1
1346,2459219.9553241,99.0,99.0,g,20.0251,1,1
1347,2459219.9852315,99.0,99.0,r,20.2524,1,1
1348,2459221.0061921,99.0,99.0,i,16.7139,1,1
1349,2459221.9555903,99.0,99.0,r,19.7597,1,1
1350,2459221.9851968,99.0,99.0,g,20.4941,1,1
1351,2459223.9076389,99.0,99.0,g,20.1995,1,1
1352,2459223.9288079,99.0,99.0,i,19.4655,1,1
1353,2459223.9882755,99.0,99.0,r,20.3612,1,1
1354,2459225.9866551,99.0,99.0,g,19.8649,1,1
1355,2459226.0173264,99.0,99.0,r,18.4534,1,1
1356,2459226.9767824,99.0,99.0,i,19.6362,1,1
1357,2459227.8878588,99.0,99.0,r,19.3418,1,1
1358,2459227.968912,99.0,99.0,g,20.6022,1,1
1359,2459229.9729861,99.0,99.0,g,19.9547,1,1
1360,2459229.9929282,99.0,99.0,i,19.176,1,1
1361,2459230.0120255,99.0,99.0,r,19.6966,1,1
1362,2459231.9309954,99.0,99.0,g,20.8257,1,1
1363,2459231.9891319,99.0,99.0,r,20.857,1,1
1364,2459248.9541204,99.0,99.0,r,20.4227,1,1
1365,2459248.9787616,99.0,99.0,g,20.2092,1,1
1366,2459249.8631713,99.0,99.0,i,18.701,1,1
1367,2459250.8604745,99.0,99.0,g,20.3641,1,1
1368,2459250.9015509,99.0,99.0,r,20.2931,1,1
1369,2459252.8290856,99.0,99.0,r,20.761,1,1
1370,2459252.996088,99.0,99.0,g,20.9301,1,1
1371,2459254.9560532,99.0,99.0,g,19.8196,1,1
1372,2459255.8441319,99.0,99.0,i,20.126,1,1
1373,2459256.9942245,99.0,99.0,g,20.8363,1,1
1374,2459260.8410648,99.0,99.0,i,19.7467,1,1
1375,2459260.9115278,99.0,99.0,r,19.5732,1,1
1376,2459260.9904745,99.0,99.0,g,19.7473,1,1
1377,2459263.8323032,99.0,99.0,i,19.4824,1,1
1378,2459263.8605787,99.0,99.0,g,19.9517,1,1
1379,2459263.8958565,99.0,99.0,r,19.6701,1,1
1380,2459265.8702431,99.0,99.0,r,20.323,1,1
1381,2459265.9002199,99.0,99.0,g,20.7936,1,1
1382,2459266.8467361,99.0,99.0,i,18.9734,1,1
1383,2459267.8752894,99.0,99.0,g,19.9935,1,1
1384,2459269.8651852,99.0,99.0,r,19.9265,1,1
1385,2459269.9307755,99.0,99.0,g,20.0996,1,1
1386,2459271.9445602,99.0,99.0,r,19.3856,1,1
1387,2459272.8623264,99.0,99.0,i,19.2171,1,1
1388,2459273.8573727,99.0,99.0,g,18.8805,1,1
1389,2459273.8578356,99.0,99.0,g,18.9842,1,1
1390,2459273.9545255,99.0,99.0,r,18.9976,1,1
1391,2459275.7173148,99.0,99.0,g,19.312,1,1
1392,2459275.7201505,99.0,99.0,g,19.3067,1,1
1393,2459275.8620486,99.0,99.0,i,19.5628,1,1
1394,2459275.8889468,99.0,99.0,r,20.0584,1,1
1395,2459276.7662153,99.0,99.0,g,19.7846,1,1
1396,2459276.8903704,99.0,99.0,r,20.1444,1,1
1397,2459278.8502431,99.0,99.0,g,20.1705,1,1
1398,2459278.8512153,99.0,99.0,g,20.3193,1,1
1399,2459278.9486343,99.0,99.0,r,20.3031,1,1
1400,2459278.9496759,99.0,99.0,r,20.2946,1,1
1401,2459280.8459028,99.0,99.0,i,20.023,1,1
1402,2459290.8027894,99.0,99.0,g,20.7929,1,1
1403,2459290.8249074,99.0,99.0,g,20.8748,1,1
1404,2459290.8506481,99.0,99.0,r,20.8247,1,1
1405,2459290.8647801,99.0,99.0,r,20.6173,1,1
1406,2459290.8657176,99.0,99.0,r,20.7877,1,1
1407,2459290.9359144,99.0,99.0,g,20.8428,1,1
1408,2459290.9500463,99.0,99.0,i,19.5587,1,1
1409,2459291.8067593,99.0,99.0,g,20.8093,1,1
1410,2459291.8442708,99.0,99.0,r,20.759,1,1
1411,2459292.8036921,99.0,99.0,g,20.7242,1,1
1412,2459292.825162,99.0,99.0,g,20.869,1,1
1413,2459292.8497338,99.0,99.0,r,20.6999,1,1
1414,2459292.864838,99.0,99.0,r,20.7428,1,1
1415,2459292.8838542,99.0,99.0,r,20.7571,1,1
1416,2459292.9230208,99.0,99.0,g,20.8087,1,1
1417,2459293.7177431,99.0,99.0,r,19.9518,1,1
1418,2459293.8058681,99.0,99.0,g,20.6248,1,1
1419,2459294.7446644,99.0,99.0,g,20.0089,1,1
1420,2459294.8877778,99.0,99.0,g,20.7013,1,1
1421,2459295.7438889,99.0,99.0,r,20.0049,1,1
1422,2459295.7457639,99.0,99.0,r,20.0183,1,1
1423,2459295.7830671,99.0,99.0,g,19.7081,1,1
1424,2459295.7840046,99.0,99.0,g,19.6818,1,1
1425,2459295.8229282,99.0,99.0,g,20.1561,1,1
1426,2459295.8652778,99.0,99.0,i,19.8836,1,1
1427,2459295.9165972,99.0,99.0,r,20.4797,1,1
1428,2459296.844919,99.0,99.0,r,19.8952,1,1
1429,2459297.7319907,99.0,99.0,r,17.8814,1,1
1430,2459297.7764815,99.0,99.0,r,19.6511,1,1
1431,2459297.8125694,99.0,99.0,g,19.7658,1,1
1432,2459297.8441319,99.0,99.0,g,19.85,1,1
1433,2459297.9161111,99.0,99.0,r,19.8884,1,1
1434,2459298.7706713,99.0,99.0,g,19.2421,1,1
1435,2459298.7805093,99.0,99.0,r,18.6655,1,1
1436,2459298.913125,99.0,99.0,r,19.7047,1,1
1437,2459298.9234954,99.0,99.0,g,19.6796,1,1
1438,2459300.8594097,99.0,99.0,g,19.115,1,1
1439,2459300.9379977,99.0,99.0,r,19.2542,1,1
1440,2459301.7275231,99.0,99.0,g,18.9151,1,1
1441,2459301.8025926,99.0,99.0,r,18.8907,1,1
1442,2459302.7047106,99.0,99.0,r,19.4871,1,1
1443,2459302.7597917,99.0,99.0,r,19.5633,1,1
1444,2459302.8048843,99.0,99.0,i,19.5461,1,1
1445,2459302.8194792,99.0,99.0,g,19.4377,1,1
1446,2459302.8515509,99.0,99.0,g,19.5603,1,1
1447,2459302.8959838,99.0,99.0,g,19.4837,1,1
1448,2459302.9375116,99.0,99.0,r,19.7174,1,1
1449,2459303.7692824,99.0,99.0,g,19.5956,1,1
1450,2459303.829838,99.0,99.0,r,19.8399,1,1
1451,2459303.8651968,99.0,99.0,g,19.758,1,1
1452,2459303.9378009,99.0,99.0,r,19.5144,1,1
1453,2459304.7279861,99.0,99.0,g,19.5817,1,1
1454,2459304.7642477,99.0,99.0,g,19.7085,1,1
1455,2459304.7804167,99.0,99.0,r,19.6977,1,1
1456,2459304.7977315,99.0,99.0,r,19.7933,1,1
1457,2459305.7833681,99.0,99.0,g,19.1556,1,1
1458,2459305.8827662,99.0,99.0,i,19.7788,1,1
1459,2459305.944375,99.0,99.0,r,20.0064,1,1
1460,2459306.0004051,99.0,99.0,g,19.5347,1,1
1461,2459306.7609375,99.0,99.0,r,20.6899,1,1
1462,2459306.7778472,99.0,99.0,g,20.8275,1,1
1463,2459306.822662,99.0,99.0,g,20.521,1,1
1464,2459306.9801389,99.0,99.0,r,20.3106,1,1
1465,2459307.7605556,99.0,99.0,r,20.7345,1,1
1466,2459307.7639583,99.0,99.0,r,20.7121,1,1
1467,2459307.7872454,99.0,99.0,g,20.8981,1,1
1468,2459307.8330556,99.0,99.0,g,20.9549,1,1
1469,2459307.8714468,99.0,99.0,r,20.7058,1,1
1470,2459307.8926736,99.0,99.0,g,20.5495,1,1
1471,2459308.779375,99.0,99.0,r,20.803,1,1
1472,2459308.8237037,99.0,99.0,i,20.2191,1,1
1473,2459308.8500116,99.0,99.0,g,20.8847,1,1
1474,2459308.8923843,99.0,99.0,g,20.7672,1,1
1475,2459308.9465509,99.0,99.0,r,20.5001,1,1
1476,2459309.7022222,99.0,99.0,g,20.4652,1,1
1477,2459309.7585185,99.0,99.0,r,20.6494,1,1
1478,2459309.7850116,99.0,99.0,r,20.7017,1,1
1479,2459309.8034838,99.0,99.0,g,20.6913,1,1
1480,2459309.8201852,99.0,99.0,g,20.5958,1,1
1481,2459309.8886458,99.0,99.0,r,20.5502,1,1
1482,2459310.7594676,99.0,99.0,g,20.8357,1,1
1483,2459310.8259606,99.0,99.0,r,20.0258,1,1
1484,2459310.8799306,99.0,99.0,g,20.8892,1,1
1485,2459310.9057407,99.0,99.0,r,20.8478,1,1
1486,2459311.6818866,99.0,99.0,r,20.5246,1,1
1487,2459311.7415046,99.0,99.0,g,20.6023,1,1
1488,2459311.7429514,99.0,99.0,g,20.4686,1,1
1489,2459311.7647454,99.0,99.0,i,20.0199,1,1
1490,2459311.7857176,99.0,99.0,g,20.805,1,1
1491,2459311.9821875,99.0,99.0,r,20.5706,1,1
1492,2459312.7471875,99.0,99.0,g,20.3083,1,1
1493,2459312.7774653,99.0,99.0,r,20.4174,1,1
1494,2459312.8409259,99.0,99.0,g,20.7131,1,1
1495,2459312.8846991,99.0,99.0,r,20.6743,1,1
1496,2459313.7043634,99.0,99.0,r,20.4401,1,1
1497,2459313.7426968,99.0,99.0,g,20.7714,1,1
1498,2459313.7701968,99.0,99.0,g,20.434,1,1
1499,2459313.7831713,99.0,99.0,g,20.5584,1,1
1500,2459313.8064468,99.0,99.0,r,20.2391,1,1
1501,2459313.8449074,99.0,99.0,r,20.573,1,1
1502,2459314.746331,99.0,99.0,g,20.8713,1,1
1503,2459314.7834606,99.0,99.0,r,20.8065,1,1
1504,2459314.8836921,99.0,99.0,g,20.9129,1,1
1505,2459315.7245486,99.0,99.0,g,19.9367,1,1
1506,2459315.7373958,99.0,99.0,r,20.5117,1,1
1507,2459315.7615162,99.0,99.0,r,18.9381,1,1
1508,2459315.7865972,99.0,99.0,g,19.9666,1,1
1509,2459315.7985417,99.0,99.0,g,20.3241,1,1
1510,2459315.8587847,99.0,99.0,r,17.2766,1,1
1511,2459316.7785301,99.0,99.0,r,20.8982,1,1
1512,2459316.7968866,99.0,99.0,r,20.9798,1,1
1513,2459316.8217824,99.0,99.0,g,20.9511,1,1
1514,2459316.8602315,99.0,99.0,g,21.0384,1,1
1515,2459317.7040625,99.0,99.0,r,20.6852,1,1
1516,2459317.7418519,99.0,99.0,g,21.0956,1,1
1517,2459317.7625116,99.0,99.0,g,21.0741,1,1
1518,2459317.7823032,99.0,99.0,g,21.1066,1,1
1519,2459317.8047222,99.0,99.0,i,20.2137,1,1
1520,2459317.8274421,99.0,99.0,r,20.9408,1,1
1521,2459319.7244792,99.0,99.0,r,20.5023,1,1
1522,2459319.9221991,99.0,99.0,g,20.4007,1,1
1523,2459320.87,99.0,99.0,g,20.7732,1,1
1524,2459321.742419,99.0,99.0,g,20.8613,1,1
1525,2459321.78375,99.0,99.0,r,20.837,1,1
1526,2459321.8372454,99.0,99.0,i,20.0977,1,1
1527,2459321.8694329,99.0,99.0,g,20.9613,1,1
1528,2459321.8704282,99.0,99.0,g,20.9536,1,1
1529,2459322.6878819,99.0,99.0,g,19.8948,1,1
1530,2459322.7455787,99.0,99.0,r,20.5924,1,1
1531,2459322.7873611,99.0,99.0,r,20.64,1,1
1532,2459322.8213194,99.0,99.0,g,20.4366,1,1
1533,2459323.7635995,99.0,99.0,g,20.2322,1,1
1534,2459323.7869907,99.0,99.0,g,20.4509,1,1
1535,2459323.8100347,99.0,99.0,g,20.5589,1,1
1536,2459323.8237037,99.0,99.0,r,20.664,1,1
1537,2459323.8449653,99.0,99.0,r,20.5716,1,1
1538,2459323.8693287,99.0,99.0,r,20.6646,1,1
1539,2459324.8070833,99.0,99.0,i,19.9705,1,1
1540,2459325.7800116,99.0,99.0,r,20.4064,1,1
1541,2459325.8461111,99.0,99.0,g,19.9234,1,1
1542,2459329.762581,99.0,99.0,r,19.6874,1,1
1543,2459329.8299537,99.0,99.0,g,19.5487,1,1
1544,2459334.8077894,99.0,99.0,i,19.9452,1,1
1545,2459335.764375,99.0,99.0,g,20.5875,1,1
1546,2459335.7653009,99.0,99.0,g,20.6246,1,1
1547,2459335.8058218,99.0,99.0,r,19.8445,1,1
1548,2459335.8077546,99.0,99.0,r,19.8655,1,1
1549,2459336.7798727,99.0,99.0,g,20.706,1,1
1550,2459336.821169,99.0,99.0,r,20.9528,1,1
1551,2459338.7840972,99.0,99.0,r,20.7384,1,1
1552,2459338.7850463,99.0,99.0,r,20.7028,1,1
1553,2459338.8233102,99.0,99.0,g,20.5649,1,1
1554,2459338.828125,99.0,99.0,g,20.503,1,1
1555,2459339.7465625,99.0,99.0,g,20.8719,1,1
1556,2459340.8047685,99.0,99.0,r,20.7044,1,1
1557,2459340.8057176,99.0,99.0,r,20.7059,1,1
1558,2459340.8684144,99.0,99.0,g,20.5946,1,1
1559,2459340.8693519,99.0,99.0,g,20.623,1,1
1560,2459341.7467824,99.0,99.0,r,20.7847,1,1
1561,2459341.804294,99.0,99.0,g,20.9266,1,1
1562,2459342.8048843,99.0,99.0,r,20.8154,1,1
1563,2459342.8082292,99.0,99.0,r,20.854,1,1
1564,2459342.8219097,99.0,99.0,g,20.8465,1,1
1565,2459342.8228356,99.0,99.0,g,20.7888,1,1
1566,2459343.7587384,99.0,99.0,g,20.8157,1,1
1567,2459344.8019213,99.0,99.0,g,21.0593,1,1
1568,2459344.8087731,99.0,99.0,g,20.9939,1,1
1569,2459344.8913426,99.0,99.0,r,20.666,1,1
1570,2459345.6794444,99.0,99.0,g,20.784,1,1
1571,2459345.728206,99.0,99.0,g,21.752,1,1
1572,2459345.7811111,99.0,99.0,r,21.8304,1,1
1573,2459346.8104167,99.0,99.0,r,20.6934,1,1
1574,2459346.8446412,99.0,99.0,g,20.6836,1,1
1575,2459346.8470602,99.0,99.0,g,20.7515,1,1
1576,2459346.8902778,99.0,99.0,r,20.6102,1,1
1577,2459348.8038542,99.0,99.0,r,20.8232,1,1
1578,2459348.8500579,99.0,99.0,g,20.8399,1,1
1579,2459348.8510069,99.0,99.0,g,20.8478,1,1
1580,2459349.7828588,99.0,99.0,r,20.8613,1,1
1581,2459350.7863426,99.0,99.0,r,20.6864,1,1
1582,2459352.6979977,99.0,99.0,g,19.6877,1,1
1583,2459353.7061806,99.0,99.0,r,20.5385,1,1
1584,2459353.745787,99.0,99.0,g,20.0931,1,1
1585,2459353.7628935,99.0,99.0,i,19.6891,1,1
1586,2459354.743287,99.0,99.0,r,20.0619,1,1
1587,2459354.7442245,99.0,99.0,r,20.031,1,1
1588,2459354.8196065,99.0,99.0,g,19.683,1,1
1589,2459354.821713,99.0,99.0,g,19.4947,1,1
1590,2459356.7265046,99.0,99.0,g,19.8487,1,1
1591,2459356.7274421,99.0,99.0,g,19.7076,1,1
1592,2459356.7633912,99.0,99.0,r,20.0375,1,1
1593,2459356.766875,99.0,99.0,r,19.9471,1,1
1594,2459356.8267593,99.0,99.0,i,19.5384,1,1
1595,2459358.7810648,99.0,99.0,r,19.7229,1,1
1596,2459358.8818519,99.0,99.0,g,19.2753,1,1
1597,2459359.7267245,99.0,99.0,r,19.758,1,1
1598,2459359.7489468,99.0,99.0,r,19.7647,1,1
1599,2459359.7612153,99.0,99.0,g,19.3928,1,1
1600,2459359.7621644,99.0,99.0,g,19.6177,1,1
1601,2459361.7643981,99.0,99.0,g,19.8731,1,1
1602,2459361.8505903,99.0,99.0,r,19.8529,1,1
1603,2459362.6970139,99.0,99.0,g,20.4669,1,1
1604,2459362.6979514,99.0,99.0,g,20.4755,1,1
1605,2459362.7636343,99.0,99.0,r,20.0956,1,1
1606,2459362.7646296,99.0,99.0,r,20.113,1,1
1607,2459362.8438657,99.0,99.0,i,19.7068,1,1
1608,2459363.7642245,99.0,99.0,g,20.264,1,1
1609,2459363.8239931,99.0,99.0,r,20.131,1,1
1610,2459364.8074537,99.0,99.0,r,20.4538,1,1
1611,2459364.8083912,99.0,99.0,r,20.3696,1,1
1612,2459365.7902199,99.0,99.0,g,20.6934,1,1
1613,2459366.7155208,99.0,99.0,r,20.7218,1,1
1614,2459366.7199421,99.0,99.0,r,20.6421,1,1
1615,2459366.738831,99.0,99.0,g,20.8321,1,1
1616,2459366.7397685,99.0,99.0,g,20.8375,1,1
1617,2459367.7379051,99.0,99.0,g,20.8019,1,1
1618,2459367.8275694,99.0,99.0,i,19.6483,1,1
1619,2459368.6976042,99.0,99.0,g,20.9236,1,1
1620,2459368.7201273,99.0,99.0,r,20.6946,1,1
1621,2459369.6975926,99.0,99.0,r,20.6274,1,1
1622,2459369.7187731,99.0,99.0,g,20.9132,1,1
1623,2459370.701169,99.0,99.0,i,19.9991,1,1
1624,2459370.7266551,99.0,99.0,g,20.8328,1,1
1625,2459370.7627083,99.0,99.0,r,20.5356,1,1
1626,2459372.6984259,99.0,99.0,g,20.5902,1,1
1627,2459372.8031829,99.0,99.0,r,18.0547,1,1
1628,2459373.700625,99.0,99.0,i,19.8596,1,1
1629,2459375.719919,99.0,99.0,r,20.6055,1,1
1630,2459375.7701505,99.0,99.0,g,20.4809,1,1
1631,2459376.6979861,99.0,99.0,i,20.0696,1,1
1632,2459376.7275694,99.0,99.0,g,20.5915,1,1
1633,2459376.7611458,99.0,99.0,r,20.5331,1,1
1634,2459377.721412,99.0,99.0,r,20.6859,1,1
1635,2459377.8486574,99.0,99.0,g,20.3547,1,1
1636,2459377.8495949,99.0,99.0,g,20.3232,1,1
1637,2459378.699213,99.0,99.0,g,20.7695,1,1
1638,2459378.7395486,99.0,99.0,r,20.0707,1,1
1639,2459379.6991319,99.0,99.0,g,20.6987,1,1
1640,2459379.700081,99.0,99.0,g,20.6756,1,1
1641,2459379.7213657,99.0,99.0,r,20.6635,1,1
1642,2459379.7664352,99.0,99.0,i,19.9153,1,1
1643,2459380.6992708,99.0,99.0,r,20.1303,1,1
1644,2459380.7584606,99.0,99.0,g,19.0495,1,1
1645,2459381.7053704,99.0,99.0,r,19.7801,1,1
1646,2459381.7833218,99.0,99.0,g,19.4896,1,1
1647,2459383.6998727,99.0,99.0,r,17.6957,1,1
1648,2459383.7435995,99.0,99.0,g,19.7171,1,1
1649,2459383.7861458,99.0,99.0,i,19.4703,1,1
1650,2459385.6956713,99.0,99.0,g,19.8338,1,1
1651,2459385.6966088,99.0,99.0,g,19.87,1,1
1652,2459385.7393403,99.0,99.0,r,20.0547,1,1
1653,2459385.7402894,99.0,99.0,r,20.0528,1,1
1654,2459386.7010532,99.0,99.0,r,19.8333,1,1
1655,2459386.7432639,99.0,99.0,i,19.5404,1,1
1656,2459386.7844792,99.0,99.0,g,19.5107,1,1
1657,2459387.701088,99.0,99.0,r,19.9203,1,1
1658,2459387.7084722,99.0,99.0,r,19.7903,1,1
1659,2459387.8138542,99.0,99.0,g,19.2177,1,1
1660,2459387.8148032,99.0,99.0,g,19.2051,1,1
1661,2459390.7197569,99.0,99.0,g,19.7748,1,1
1662,2459390.7806829,99.0,99.0,r,19.6989,1,1
1663,2459391.7197569,99.0,99.0,g,19.6188,1,1
1664,2459391.7843866,99.0,99.0,r,19.7189,1,1
1665,2459392.7207523,99.0,99.0,g,20.4647,1,1
1666,2459392.8232755,99.0,99.0,r,19.5333,1,1
1667,2459393.7256481,99.0,99.0,r,20.5644,1,1
1668,2459393.7265856,99.0,99.0,r,20.5686,1,1
1669,2459393.8023495,99.0,99.0,g,19.6097,1,1
1670,2459393.8094213,99.0,99.0,g,19.4651,1,1
1671,2459394.7425694,99.0,99.0,i,19.8225,1,1
1672,2459395.7412037,99.0,99.0,g,19.7999,1,1
1673,2459395.7421528,99.0,99.0,g,19.5479,1,1
1674,2459396.7011921,99.0,99.0,r,20.6124,1,1
1675,2459396.7421759,99.0,99.0,g,20.5742,1,1
1676,2459397.7411343,99.0,99.0,g,20.5445,1,1
1677,2459397.7420833,99.0,99.0,g,20.4504,1,1
1678,2459399.7040972,99.0,99.0,r,20.3622,1,1
1679,2459399.7472569,99.0,99.0,g,20.3626,1,1
1680,2459400.7022801,99.0,99.0,r,20.5622,1,1
1681,2459400.7775926,99.0,99.0,g,20.1018,1,1
1682,2459401.7008912,99.0,99.0,i,19.8805,1,1
1683,2459401.7229745,99.0,99.0,g,20.1589,1,1
1684,2459401.8040046,99.0,99.0,r,20.0596,1,1
1685,2459402.6988889,99.0,99.0,g,20.6223,1,1
1686,2459402.7286921,99.0,99.0,r,20.4847,1,1
1687,2459403.6967593,99.0,99.0,r,20.5243,1,1
1688,2459403.7674884,99.0,99.0,g,20.1149,1,1
1689,2459409.7697801,99.0,99.0,i,19.6884,1,1
1690,2459412.7023032,99.0,99.0,i,19.576,1,1
1691,2459414.7406366,99.0,99.0,g,19.4917,1,1
1692,2459418.7011227,99.0,99.0,g,19.2296,1,1
1693,2459418.7220949,99.0,99.0,r,18.3852,1,1
1694,2459419.7174884,99.0,99.0,g,18.4154,1,1
1695,2459419.7626505,99.0,99.0,r,17.3583,1,1
1696,2459424.6860648,99.0,99.0,i,19.994,1,1
1697,2459424.7050579,99.0,99.0,r,20.2722,1,1
1698,2459424.7372569,99.0,99.0,g,19.899,1,1
1699,2459426.7391551,99.0,99.0,r,19.5361,1,1
1700,2459428.6951157,99.0,99.0,r,20.2984,1,1
1701,2459428.7250926,99.0,99.0,g,19.9939,1,1
1702,2459440.6824653,99.0,99.0,i,19.4877,1,1
1703,2459444.6791551,99.0,99.0,i,19.004,1,1
1704,2459453.6491551,99.0,99.0,r,20.1703,1,1
1705,2459453.6505787,99.0,99.0,r,20.2304,1,1
1706,2459453.6520023,99.0,99.0,r,20.1933,1,1
1707,2459453.6548495,99.0,99.0,r,20.2144,1,1
1708,2459454.6477199,99.0,99.0,r,19.8964,1,1
1709,2459454.6491435,99.0,99.0,r,19.7671,1,1
1710,2459454.6505671,99.0,99.0,r,19.7058,1,1
1711,2459454.6534144,99.0,99.0,r,19.83,1,1
1712,2459458.6477431,99.0,99.0,r,19.9146,1,1
1713,2459458.6497106,99.0,99.0,r,19.8641,1,1
1714,2459458.6516782,99.0,99.0,r,19.8779,1,1
1715,2459458.6536574,99.0,99.0,r,19.8664,1,1
1716,2459459.6432986,99.0,99.0,r,19.8318,1,1
1717,2459459.6452662,99.0,99.0,r,19.8085,1,1
1718,2459459.6472454,99.0,99.0,r,19.995,1,1
1719,2459459.649213,99.0,99.0,r,19.819,1,1
1720,2459459.6511806,99.0,99.0,r,19.9781,1,1
1721,2459460.6422917,99.0,99.0,r,20.0661,1,1
1722,2459460.6442593,99.0,99.0,r,20.0793,1,1
1723,2459460.6462384,99.0,99.0,r,20.1026,1,1
1724,2459460.6482176,99.0,99.0,r,20.0971,1,1
1725,2459460.6501852,99.0,99.0,r,20.0851,1,1
1726,2459461.6437269,99.0,99.0,r,19.5986,1,1
1727,2459461.6456944,99.0,99.0,r,19.6119,1,1
1728,2459461.6476736,99.0,99.0,r,19.6465,1,1
1729,2459461.6496412,99.0,99.0,r,19.5762,1,1
1730,2459462.6404167,99.0,99.0,r,19.9382,1,1
1731,2459462.6424884,99.0,99.0,r,19.9013,1,1
1732,2459462.6445602,99.0,99.0,r,19.9808,1,1
1733,2459462.6466319,99.0,99.0,r,19.9303,1,1
1734,2459462.6487037,99.0,99.0,r,19.9541,1,1
1735,2459463.6398264,99.0,99.0,r,19.9887,1,1
1736,2459463.641875,99.0,99.0,r,20.0231,1,1
1737,2459463.6439236,99.0,99.0,r,19.8961,1,1
1738,2459463.6459722,99.0,99.0,r,19.9703,1,1
1739,2459463.6480208,99.0,99.0,r,19.922,1,1
1740,2459464.6411343,99.0,99.0,r,19.911,1,1
1741,2459464.6431829,99.0,99.0,r,19.8422,1,1
1742,2459464.6452315,99.0,99.0,r,19.8295,1,1
1743,2459464.6472685,99.0,99.0,r,19.9084,1,1
1744,2459465.6380787,99.0,99.0,r,19.6448,1,1
1745,2459465.6401273,99.0,99.0,r,19.6599,1,1
1746,2459465.6421875,99.0,99.0,r,19.6161,1,1
1747,2459465.6442361,99.0,99.0,r,19.3358,1,1
1748,2459465.6462731,99.0,99.0,r,19.4843,1,1
1749,2459529.9993287,99.0,99.0,r,19.6623,1,1
1750,2459531.9869329,99.0,99.0,g,20.3647,1,1
1751,2459532.0160764,99.0,99.0,i,19.9548,1,1
1752,2459537.0085648,99.0,99.0,r,19.4853,1,1
1753,2459537.9957523,99.0,99.0,g,17.6442,1,1
1754,2459538.0112384,99.0,99.0,r,17.1145,1,1
1755,2459551.0129977,99.0,99.0,r,20.6433,1,1
1756,2459600.8720486,99.0,99.0,r,19.9116,1,1
1757,2459600.9140972,99.0,99.0,g,19.7511,1,1
1758,2459621.9545255,99.0,99.0,r,20.4035,1,1
1759,2459621.9661343,99.0,99.0,g,20.5546,1,1
1760,2459622.9674537,99.0,99.0,g,19.9034,1,1
1761,2459623.0278588,99.0,99.0,r,20.353,1,1
1762,2459624.9070139,99.0,99.0,r,20.122,1,1
1763,2459624.9714583,99.0,99.0,i,19.7642,1,1
1764,2459625.0103241,99.0,99.0,g,19.9968,1,1
1765,2459625.740463,99.0,99.0,g,18.7751,1,1
1766,2459625.9070023,99.0,99.0,r,19.8929,1,1
1767,2459627.9016319,99.0,99.0,i,18.755,1,1
1768,2459627.9690741,99.0,99.0,g,19.1163,1,1
1769,2459628.0157407,99.0,99.0,r,19.1943,1,1
1770,2459629.9256481,99.0,99.0,g,19.4725,1,1
1771,2459629.9871759,99.0,99.0,r,19.9564,1,1
1772,2459630.8456829,99.0,99.0,i,19.8768,1,1
1773,2459636.8849074,99.0,99.0,i,19.9462,1,1
1774,2459636.9698843,99.0,99.0,r,20.3105,1,1
1775,2459636.9912616,99.0,99.0,g,19.9508,1,1
1776,2459639.8017824,99.0,99.0,r,20.0067,1,1
1777,2459639.8504051,99.0,99.0,g,20.346,1,1
1778,2459639.869375,99.0,99.0,i,19.4044,1,1
1779,2459641.8019213,99.0,99.0,r,20.2125,1,1
1780,2459641.8433218,99.0,99.0,g,20.7511,1,1
1781,2459671.8506829,99.0,99.0,r,20.8451,1,1
1782,2459671.9107292,99.0,99.0,g,20.9109,1,1
1783,2459671.9434144,99.0,99.0,g,20.9218,1,1
1784,2459672.8061458,99.0,99.0,g,21.0397,1,1
1785,2459672.8276042,99.0,99.0,g,20.9442,1,1
1786,2459673.8000116,99.0,99.0,r,20.7686,1,1
1787,2459673.8240162,99.0,99.0,g,20.7287,1,1
1788,2459673.9045255,99.0,99.0,g,20.3249,1,1
1789,2459674.8312963,99.0,99.0,r,20.6966,1,1
1790,2459674.884213,99.0,99.0,g,20.6558,1,1
1791,2459674.9029514,99.0,99.0,g,20.4694,1,1
1792,2459674.9480208,99.0,99.0,r,20.386,1,1
1793,2459675.6572338,99.0,99.0,g,20.4403,1,1
1794,2459675.8281944,99.0,99.0,g,20.7908,1,1
1795,2459675.8814468,99.0,99.0,g,20.7465,1,1
1796,2459675.906956,99.0,99.0,r,20.6554,1,1
1797,2459676.8208333,99.0,99.0,g,20.0898,1,1
1798,2459676.8646412,99.0,99.0,r,20.0693,1,1
1799,2459676.8907986,99.0,99.0,g,19.8926,1,1
1800,2459676.957581,99.0,99.0,r,19.8364,1,1
1801,2459677.7393403,99.0,99.0,g,20.0303,1,1
1802,2459677.7830093,99.0,99.0,i,19.7627,1,1
1803,2459677.8082639,99.0,99.0,g,20.3079,1,1
1804,2459677.8474884,99.0,99.0,g,20.4567,1,1
1805,2459677.8721412,99.0,99.0,r,20.4888,1,1
1806,2459677.8855556,99.0,99.0,r,20.3522,1,1
1807,2459677.9142824,99.0,99.0,r,20.1753,1,1
1808,2459678.8022685,99.0,99.0,g,20.5177,1,1
1809,2459678.8490046,99.0,99.0,g,20.5612,1,1
1810,2459679.6603009,99.0,99.0,g,19.9622,1,1
1811,2459679.6951968,99.0,99.0,r,19.9905,1,1
1812,2459679.7442014,99.0,99.0,r,20.2751,1,1
1813,2459679.7701968,99.0,99.0,g,20.2734,1,1
1814,2459679.8029282,99.0,99.0,g,20.3939,1,1
1815,2459679.863588,99.0,99.0,r,20.208,1,1
1816,2459680.7414583,99.0,99.0,r,20.0923,1,1
1817,2459682.6863194,99.0,99.0,g,19.4301,1,1
1818,2459682.7161458,99.0,99.0,g,19.5469,1,1
1819,2459682.7710764,99.0,99.0,i,19.7297,1,1
1820,2459682.7819329,99.0,99.0,r,19.9985,1,1
1821,2459682.7983681,99.0,99.0,r,19.8349,1,1
1822,2459682.8635417,99.0,99.0,r,19.662,1,1
1823,2459682.9239699,99.0,99.0,g,19.7131,1,1
1824,2459683.7607523,99.0,99.0,g,19.7693,1,1
1825,2459683.878912,99.0,99.0,r,19.9663,1,1
1826,2459683.9497222,99.0,99.0,g,19.5189,1,1
1827,2459684.7420602,99.0,99.0,r,19.5915,1,1
1828,2459684.7869329,99.0,99.0,g,19.4104,1,1
1829,2459684.8091898,99.0,99.0,g,19.4931,1,1
1830,2459684.8442824,99.0,99.0,r,19.6165,1,1
1831,2459684.9065162,99.0,99.0,r,19.5829,1,1
1832,2459685.7265625,99.0,99.0,r,19.7961,1,1
1833,2459685.7647454,99.0,99.0,r,19.7937,1,1
1834,2459685.7652199,99.0,99.0,r,19.8126,1,1
1835,2459685.8126157,99.0,99.0,i,19.2858,1,1
1836,2459685.8727083,99.0,99.0,r,19.2133,1,1
1837,2459687.8439468,99.0,99.0,r,19.7367,1,1
1838,2459687.8659954,99.0,99.0,r,19.8194,1,1
1839,2459687.9029977,99.0,99.0,r,19.8399,1,1
1840,2459687.9567361,99.0,99.0,g,19.5023,1,1
1841,2459688.8041204,99.0,99.0,i,19.6488,1,1
1842,2459688.8219444,99.0,99.0,r,20.1432,1,1
1843,2459688.8576157,99.0,99.0,r,20.1112,1,1
1844,2459688.8728241,99.0,99.0,r,19.927,1,1
1845,2459688.873287,99.0,99.0,r,19.9282,1,1
1846,2459689.7651736,99.0,99.0,r,19.8634,1,1
1847,2459689.7848958,99.0,99.0,g,19.802,1,1
1848,2459689.8059838,99.0,99.0,g,19.7013,1,1
1849,2459689.89125,99.0,99.0,r,19.4861,1,1
1850,2459689.8970718,99.0,99.0,r,19.6101,1,1
1851,2459690.7425347,99.0,99.0,r,20.6194,1,1
1852,2459690.7564815,99.0,99.0,g,20.5303,1,1
1853,2459690.8032523,99.0,99.0,g,20.6057,1,1
1854,2459690.8434722,99.0,99.0,r,20.2805,1,1
1855,2459693.7627894,99.0,99.0,r,20.4903,1,1
1856,2459693.8441898,99.0,99.0,g,20.5069,1,1
1857,2459693.8696875,99.0,99.0,i,19.6543,1,1
1858,2459695.7458912,99.0,99.0,r,19.0005,1,1
1859,2459695.8473611,99.0,99.0,g,19.5504,1,1
1860,2459696.801794,99.0,99.0,i,19.7186,1,1
1861,2459697.7764236,99.0,99.0,g,20.9568,1,1
1862,2459697.7783565,99.0,99.0,g,20.9745,1,1
1863,2459697.824537,99.0,99.0,r,20.4412,1,1
1864,2459699.8178241,99.0,99.0,r,20.6803,1,1
1865,2459699.8188542,99.0,99.0,r,20.6576,1,1
1866,2459699.9485532,99.0,99.0,g,20.4043,1,1
1867,2459699.9494907,99.0,99.0,g,20.4303,1,1
1868,2459700.7569907,99.0,99.0,g,20.6369,1,1
1869,2459701.8057292,99.0,99.0,g,20.6936,1,1
1870,2459701.8066667,99.0,99.0,g,20.6631,1,1
1871,2459701.887419,99.0,99.0,g,20.4724,1,1
1872,2459701.8889005,99.0,99.0,g,20.5544,1,1
1873,2459702.748125,99.0,99.0,r,20.5894,1,1
1874,2459702.7579514,99.0,99.0,r,20.5239,1,1
1875,2459702.7783681,99.0,99.0,g,20.8499,1,1
1876,2459707.723044,99.0,99.0,r,20.2039,1,1
1877,2459707.7244792,99.0,99.0,r,20.2502,1,1
1878,2459707.7861806,99.0,99.0,r,20.3752,1,1
1879,2459707.7871296,99.0,99.0,r,20.2156,1,1
1880,2459707.8688889,99.0,99.0,r,20.2784,1,1
1881,2459708.6810069,99.0,99.0,r,19.9351,1,1
1882,2459708.7583796,99.0,99.0,r,20.0711,1,1
1883,2459708.8283218,99.0,99.0,r,20.0351,1,1
1884,2459709.7102546,99.0,99.0,r,20.0852,1,1
1885,2459709.7112037,99.0,99.0,r,20.0611,1,1
1886,2459709.7294097,99.0,99.0,r,20.1104,1,1
1887,2459709.7776273,99.0,99.0,r,20.0648,1,1
1888,2459709.7824653,99.0,99.0,r,19.7982,1,1
1889,2459709.8045833,99.0,99.0,r,20.1846,1,1
1890,2459710.7556019,99.0,99.0,r,19.8592,1,1
1891,2459710.7772222,99.0,99.0,g,19.6901,1,1
1892,2459710.8239699,99.0,99.0,g,19.7573,1,1
1893,2459711.7204745,99.0,99.0,g,19.7124,1,1
1894,2459711.7214236,99.0,99.0,g,19.7528,1,1
1895,2459711.7803356,99.0,99.0,r,19.3695,1,1
1896,2459711.8014583,99.0,99.0,r,19.4199,1,1
1897,2459712.7616898,99.0,99.0,g,19.8605,1,1
1898,2459712.8416898,99.0,99.0,r,19.8498,1,1
1899,2459713.7606366,99.0,99.0,r,19.7694,1,1
1900,2459713.7806366,99.0,99.0,r,19.8446,1,1
1901,2459713.8375231,99.0,99.0,g,19.5709,1,1
1902,2459713.8410648,99.0,99.0,g,19.5885,1,1
1903,2459714.7227894,99.0,99.0,r,19.8024,1,1
1904,2459714.7777894,99.0,99.0,g,19.6651,1,1
1905,2459715.7464352,99.0,99.0,g,19.6199,1,1
1906,2459715.7474306,99.0,99.0,g,19.6785,1,1
1907,2459715.8127662,99.0,99.0,i,19.441,1,1
1908,2459717.7232292,99.0,99.0,r,20.2598,1,1
1909,2459717.828588,99.0,99.0,g,19.7305,1,1
1910,2459718.7281481,99.0,99.0,r,20.6028,1,1
1911,2459718.7499769,99.0,99.0,r,20.6514,1,1
1912,2459718.8503472,99.0,99.0,r,20.0937,1,1
1913,2459719.6998148,99.0,99.0,r,20.6887,1,1
1914,2459719.7007639,99.0,99.0,r,20.8796,1,1
1915,2459719.7621875,99.0,99.0,r,20.8498,1,1
1916,2459719.763125,99.0,99.0,r,20.7416,1,1
1917,2459719.8862153,99.0,99.0,r,19.8018,1,1
1918,2459722.749456,99.0,99.0,g,20.7668,1,1
1919,2459722.7818634,99.0,99.0,g,20.6763,1,1
1920,2459722.7889583,99.0,99.0,g,20.7035,1,1
1921,2459723.695706,99.0,99.0,r,20.3041,1,1
1922,2459723.7627315,99.0,99.0,g,20.748,1,1
1923,2459724.7655787,99.0,99.0,r,20.6148,1,1
1924,2459724.8259375,99.0,99.0,g,20.6301,1,1
1925,2459724.8279514,99.0,99.0,g,20.6385,1,1
1926,2459725.7409375,99.0,99.0,r,20.6341,1,1
1927,2459725.7679167,99.0,99.0,g,20.6643,1,1
1928,2459726.7403472,99.0,99.0,g,20.9056,1,1
1929,2459726.8043056,99.0,99.0,g,20.8149,1,1
1930,2459726.8678125,99.0,99.0,r,20.4241,1,1
1931,2459726.8687616,99.0,99.0,r,20.5605,1,1
1932,2459727.7371759,99.0,99.0,r,19.9567,1,1
1933,2459727.7826042,99.0,99.0,g,19.7685,1,1
1934,2459729.885463,99.0,99.0,g,19.9448,1,1
1935,2459729.8878356,99.0,99.0,g,19.9416,1,1
1936,2459730.8031713,99.0,99.0,g,20.6927,1,1
1937,2459731.726794,99.0,99.0,g,20.5659,1,1
1938,2459731.7462847,99.0,99.0,r,20.5391,1,1
1939,2459731.7472222,99.0,99.0,r,20.5491,1,1
1940,2459731.7670833,99.0,99.0,i,19.9596,1,1
1941,2459733.7346528,99.0,99.0,r,20.6058,1,1
1942,2459734.7881481,99.0,99.0,i,19.5904,1,1
1943,2459736.7028588,99.0,99.0,r,20.6617,1,1
1944,2459736.7444792,99.0,99.0,g,20.2402,1,1
1945,2459738.703669,99.0,99.0,g,19.9811,1,1
1946,2459738.7376736,99.0,99.0,r,20.3043,1,1
1947,2459739.7017708,99.0,99.0,g,20.2039,1,1
1948,2459739.7587384,99.0,99.0,r,20.2676,1,1
1949,2459740.6959722,99.0,99.0,r,20.0848,1,1
1950,2459740.6969097,99.0,99.0,r,19.9449,1,1
1951,2459740.7674306,99.0,99.0,g,19.965,1,1
1952,2459740.7683796,99.0,99.0,g,19.954,1,1
1953,2459740.7831829,99.0,99.0,i,19.4281,1,1
1954,2459741.6992477,99.0,99.0,g,19.9084,1,1
1955,2459741.7684722,99.0,99.0,r,19.8974,1,1
1956,2459742.76375,99.0,99.0,r,19.769,1,1
1957,2459742.7646991,99.0,99.0,r,19.8122,1,1
1958,2459742.7999653,99.0,99.0,g,19.3599,1,1
1959,2459742.8046644,99.0,99.0,g,19.418,1,1
1960,2459743.6984606,99.0,99.0,r,19.7627,1,1
1961,2459743.7435185,99.0,99.0,i,19.5198,1,1
1962,2459743.7653125,99.0,99.0,g,19.6122,1,1
1963,2459747.7027894,99.0,99.0,r,20.8175,1,1
1964,2459747.757662,99.0,99.0,g,20.2494,1,1
1965,2459747.7586111,99.0,99.0,g,20.2123,1,1
1966,2459748.7066551,99.0,99.0,i,19.9931,1,1
1967,2459748.7447685,99.0,99.0,g,20.4143,1,1
1968,2459748.8253935,99.0,99.0,r,19.8164,1,1
1969,2459749.6980208,99.0,99.0,r,20.2437,1,1
1970,2459749.7076389,99.0,99.0,r,20.3089,1,1
1971,2459749.7828356,99.0,99.0,g,20.3311,1,1
1972,2459749.7837731,99.0,99.0,g,20.3211,1,1
1973,2459750.7404977,99.0,99.0,g,20.675,1,1
1974,2459751.6990162,99.0,99.0,g,20.6337,1,1
1975,2459751.7028241,99.0,99.0,g,20.5573,1,1
1976,2459751.7394329,99.0,99.0,r,20.4514,1,1
1977,2459751.7403935,99.0,99.0,r,20.423,1,1
1978,2459751.8046875,99.0,99.0,i,19.9203,1,1
1979,2459752.7585648,99.0,99.0,r,20.3409,1,1
1980,2459753.7415509,99.0,99.0,g,20.5897,1,1
1981,2459753.7425,99.0,99.0,g,20.6124,1,1
1982,2459754.6985764,99.0,99.0,r,20.4548,1,1
1983,2459754.740162,99.0,99.0,g,20.559,1,1
1984,2459755.7501157,99.0,99.0,r,20.5409,1,1
1985,2459755.7673958,99.0,99.0,g,20.5213,1,1
1986,2459756.7050347,99.0,99.0,r,20.6211,1,1
1987,2459756.762037,99.0,99.0,g,20.5121,1,1
1988,2459756.7629745,99.0,99.0,g,20.4668,1,1
1989,2459757.6975347,99.0,99.0,g,20.5858,1,1
1990,2459757.7298495,99.0,99.0,g,20.5341,1,1
1991,2459758.779919,99.0,99.0,r,20.3122,1,1
1992,2459759.7251273,99.0,99.0,g,20.5315,1,1
1993,2459761.7892593,99.0,99.0,g,20.4185,1,1
1994,2459761.7901968,99.0,99.0,g,20.2897,1,1
1995,2459762.6986574,99.0,99.0,g,20.5016,1,1
1996,2459762.7487153,99.0,99.0,r,20.3969,1,1
1997,2459763.7018403,99.0,99.0,g,20.5744,1,1
1998,2459763.7027894,99.0,99.0,g,20.5988,1,1
1999,2459763.7848727,99.0,99.0,r,19.9142,1,1
2000,2459764.7012153,99.0,99.0,i,19.8805,1,1
2001,2459765.7052894,99.0,99.0,r,20.3474,1,1
2002,2459765.7428819,99.0,99.0,g,20.3329,1,1
2003,2459766.7034722,99.0,99.0,g,20.2077,1,1
2004,2459768.6990856,99.0,99.0,g,20.2114,1,1
2005,2459768.7019213,99.0,99.0,g,20.1555,1,1
2006,2459768.7218056,99.0,99.0,g,20.1479,1,1
2007,2459768.7794907,99.0,99.0,g,19.874,1,1
2008,2459768.7804398,99.0,99.0,g,19.8762,1,1
2009,2459769.6983912,99.0,99.0,g,20.073,1,1
2010,2459769.7634028,99.0,99.0,g,19.7845,1,1
2011,2459770.697662,99.0,99.0,g,19.85,1,1
2012,2459770.6985995,99.0,99.0,g,19.9505,1,1
2013,2459770.7557986,99.0,99.0,g,19.576,1,1
2014,2459770.7576852,99.0,99.0,g,19.6001,1,1
2015,2459771.716331,99.0,99.0,g,19.3055,1,1
2016,2459771.74,99.0,99.0,g,19.7671,1,1
2017,2459772.6994329,99.0,99.0,r,19.8553,1,1
2018,2459772.7208565,99.0,99.0,r,19.8235,1,1
2019,2459773.7054514,99.0,99.0,r,19.8323,1,1
2020,2459773.7608681,99.0,99.0,r,19.6247,1,1
2021,2459776.7433565,99.0,99.0,r,19.9598,1,1
2022,2459779.7007639,99.0,99.0,r,20.3661,1,1
2023,2459779.716169,99.0,99.0,r,20.4028,1,1
2024,2459781.7410185,99.0,99.0,g,19.891,1,1
2025,2459784.7218519,99.0,99.0,g,18.7042,1,1
2026,2459784.7670718,99.0,99.0,r,18.548,1,1
2027,2459785.7207755,99.0,99.0,g,20.3442,1,1
2028,2459786.7022917,99.0,99.0,g,19.8051,1,1
2029,2459786.7467361,99.0,99.0,r,20.0788,1,1
2030,2459787.6997454,99.0,99.0,r,20.2357,1,1
2031,2459787.7360301,99.0,99.0,g,20.0604,1,1
2032,2459819.6484491,99.0,99.0,r,20.0129,1,1
2033,2459819.6498727,99.0,99.0,r,20.0719,1,1
2034,2459819.6512963,99.0,99.0,r,20.083,1,1
2035,2459819.6527199,99.0,99.0,r,20.1247,1,1
2036,2459819.6541435,99.0,99.0,r,20.0725,1,1
2037,2459820.6475694,99.0,99.0,r,19.6022,1,1
2038,2459820.6489931,99.0,99.0,r,19.4878,1,1
2039,2459820.6504167,99.0,99.0,r,19.4838,1,1
2040,2459820.6518403,99.0,99.0,r,19.1277,1,1
2041,2459820.6532639,99.0,99.0,r,19.4439,1,1
2042,2459824.6439931,99.0,99.0,r,19.8596,1,1
2043,2459824.6459722,99.0,99.0,r,19.945,1,1
2044,2459824.6479398,99.0,99.0,r,19.9214,1,1
2045,2459824.6499074,99.0,99.0,r,19.9523,1,1
2046,2459824.6518866,99.0,99.0,r,19.8776,1,1
2047,2459825.6429745,99.0,99.0,r,19.7551,1,1
2048,2459825.6449537,99.0,99.0,r,19.6774,1,1
2049,2459825.6469213,99.0,99.0,r,19.7031,1,1
2050,2459825.6489005,99.0,99.0,r,19.7378,1,1
2051,2459825.6508796,99.0,99.0,r,19.6837,1,1
2052,2459826.6420255,99.0,99.0,r,19.6484,1,1
2053,2459826.6439931,99.0,99.0,r,19.6596,1,1
2054,2459826.6459722,99.0,99.0,r,19.6784,1,1
2055,2459826.6479398,99.0,99.0,r,19.6758,1,1
2056,2459826.649919,99.0,99.0,r,19.6766,1,1
2057,2459828.640081,99.0,99.0,r,19.3151,1,1
2058,2459828.6421296,99.0,99.0,r,19.1573,1,1
2059,2459828.6441782,99.0,99.0,r,18.9954,1,1
2060,2459828.6462153,99.0,99.0,r,19.1014,1,1
2061,2459828.6482639,99.0,99.0,r,19.3367,1,1
2062,2459829.6393403,99.0,99.0,r,19.3137,1,1
2063,2459829.6413889,99.0,99.0,r,19.2364,1,1
2064,2459829.6434375,99.0,99.0,r,19.266,1,1
2065,2459829.6454861,99.0,99.0,r,19.1656,1,1
2066,2459829.6475347,99.0,99.0,r,19.1757,1,1
2067,2459830.6383218,99.0,99.0,r,19.0489,1,1
2068,2459830.6403704,99.0,99.0,r,19.1556,1,1
2069,2459830.642419,99.0,99.0,r,19.1553,1,1
2070,2459830.6444676,99.0,99.0,r,19.1927,1,1
2071,2459830.6465162,99.0,99.0,r,19.129,1,1
2072,2459894.9852778,99.0,99.0,g,19.6476,1,1
2073,2459894.9902315,99.0,99.0,r,19.8808,1,1
2074,2459894.9951852,99.0,99.0,g,19.6569,1,1
2075,2459896.9859606,99.0,99.0,r,20.4895,1,1
2076,2459897.0253935,99.0,99.0,r,19.8816,1,1
2077,2459898.0124653,99.0,99.0,i,19.2909,1,1
2078,2459898.9851389,99.0,99.0,r,19.9619,1,1
2079,2459900.9925579,99.0,99.0,g,19.6437,1,1
2080,2459902.9777199,99.0,99.0,g,19.3987,1,1
2081,2459902.9925347,99.0,99.0,i,19.0989,1,1
2082,2459903.0284144,99.0,99.0,r,19.7899,1,1
2083,2459909.9495023,99.0,99.0,r,20.0969,1,1
2084,2459909.9913657,99.0,99.0,g,20.2425,1,1
2085,2459914.9465972,99.0,99.0,i,19.4762,1,1
2086,2459914.9760185,99.0,99.0,g,20.2914,1,1
2087,2459923.9314583,99.0,99.0,g,19.3694,1,1
2088,2459923.9900579,99.0,99.0,r,19.7251,1,1
2089,2459931.0191667,99.0,99.0,r,20.0212,1,1
2090,2459931.0371296,99.0,99.0,g,20.0345,1,1
2091,2459933.9340625,99.0,99.0,g,19.8917,1,1
2092,2459933.9934954,99.0,99.0,r,18.7652,1,1
2093,2459935.8882639,99.0,99.0,g,20.1124,1,1
2094,2459937.9359491,99.0,99.0,r,19.8956,1,1
2095,2459938.0419444,99.0,99.0,g,20.5171,1,1
2096,2459953.9515394,99.0,99.0,g,18.8589,1,1
2097,2459957.9866319,99.0,99.0,g,19.9339,1,1
2098,2459958.0106366,99.0,99.0,r,19.3159,1,1
2099,2459966.9108912,99.0,99.0,g,20.2225,1,1
2100,2459967.956088,99.0,99.0,i,18.1339,1,1
2101,2460016.8679977,99.0,99.0,i,19.0515,1,1
2102,2460016.8846991,99.0,99.0,r,20.0900993347168,1,1
2103,2460016.8846991,99.0,99.0,r,20.0901,1,1
2104,2460016.8856481,99.0,99.0,r,19.9983,1,1
2105,2460016.978912,99.0,99.0,r,19.9305,1,1
2106,2460017.7253935,99.0,99.0,g,20.5511,1,1
2107,2460017.9253588,99.0,99.0,r,17.1095,1,1
2108,2460020.8738657,99.0,99.0,r,20.706899642944336,1,1
2109,2460020.9918403,99.0,99.0,g,20.56550025939941,1,1
2110,2460020.9918403,99.0,99.0,g,20.5655,1,1
2111,2460021.8058565,99.0,99.0,i,19.3052,1,1
2112,2460021.8184954,99.0,99.0,g,20.3859,1,1
2113,2460021.8738542,99.0,99.0,g,20.0265,1,1
2114,2460021.9480324,99.0,99.0,r,19.8607,1,1
2115,2460029.966331,99.0,99.0,r,20.1863,1,1
2116,2460030.9770602,99.0,99.0,i,19.7342,1,1
2117,2460031.0072222,99.0,99.0,g,19.7492,1,1
2118,2460031.7076042,99.0,99.0,g,20.1404,1,1
2119,2460031.8364005,99.0,99.0,r,19.2096,1,1
2120,2460032.6556829,99.0,99.0,g,19.946,1,1
2121,2460032.8060995,99.0,99.0,g,20.149999618530277,1,1
2122,2460032.8060995,99.0,99.0,g,20.15,1,1
2123,2460032.9656597,99.0,99.0,g,20.3082,1,1
2124,2460036.7988194,99.0,99.0,g,19.7021,1,1
2125,2460042.7599653,19.213074404414517,0.1435908618549537,g,19.4088,1,1
2126,2460042.7802894,99.0,99.0,g,18.53619956970215,1,1
2127,2460042.7802894,99.0,99.0,g,18.5362,1,1
2128,2460042.8039815,99.0,99.0,r,19.050899505615234,1,1
2129,2460042.8039815,99.0,99.0,r,19.0509,1,1
2130,2460042.8049306,99.0,99.0,r,17.1529,1,1
2131,2460042.9138079,19.555016844722303,0.1397465111548425,g,19.7281,1,1
2137,2460043.7386574,19.656474780977337,0.1456239701387454,r,19.6925,1,1
2141,2460044.7379977,99.0,99.0,r,20.62120056152344,1,1
2142,2460044.8086806,19.491927301447447,0.0859733915635278,g,20.225,1,1
2143,2460044.8096296,19.57864805308737,0.1636762619018554,g,19.885569597414698,1,1
2144,2460044.8096296,19.578600386419023,0.1636759936809539,g,19.885523709974315,1,1
2145,2460044.8096296,19.537823093562476,0.0924443296036435,g,20.2579,1,1
2146,2460044.9638889,19.508613775910806,0.1164834376662148,g,19.9036,1,1
2147,2460045.8258102,19.58334805792508,0.0682819142932037,g,20.5918,1,1
2148,2460045.8554051,19.55013495571254,0.0719776020343017,g,20.4192,1,1
2149,2460046.7635417,19.523800168051693,0.1322696954011916,g,20.0620350735755,1,1
2150,2460046.7635417,19.523800168051693,0.1322699934244155,g,20.0620326272537,1,1
